iter,step,seg,loss,gn_cum,indep_gn
1,0,task_recipe,1.0512,6.3533,6.3533
1,0,task_poetry,1.6092,8.6636,5.6550
1,0,task_recipe,1.8792,10.3070,5.4795
1,0,task_poetry,1.1752,12.5075,6.1227
1,0,task_recipe,1.9104,13.8408,5.1136
1,0,task_poetry,2.1376,15.9037,7.2202
1,0,task_recipe,1.9183,16.5491,5.0140
1,0,task_poetry,2.9632,18.6833,7.1109
1,0,task_recipe,2.1352,21.0305,8.2944
1,0,task_poetry,5.6205,255.9724,253.2129
1,0,task_recipe,2.5902,256.7100,8.3875
1,0,task_poetry,9.5477,653.4677,419.9950
1,0,task_recipe,1.8534,653.4605,6.4289
1,0,task_poetry,1.8605,655.1382,10.1255
1,0,task_recipe,1.7305,654.9713,5.0669
1,0,task_poetry,1.9493,662.9467,24.6160
1,1,task_recipe,1.3915,5.8598,5.8598
1,1,task_poetry,4.9002,177.7406,177.5999
1,1,task_recipe,1.8217,177.7850,5.5201
1,1,task_poetry,1.8128,179.3713,9.4961
1,1,task_recipe,2.4695,179.4146,5.3253
1,1,task_poetry,2.7463,183.4685,16.5776
1,1,task_recipe,1.0593,184.0261,6.2654
1,1,task_poetry,2.0036,185.0191,8.6160
1,1,task_recipe,2.4196,185.7586,7.1000
1,1,task_poetry,3.0148,238.6445,75.5038
1,1,task_recipe,1.1309,238.6559,4.5204
1,1,task_poetry,1.9906,239.3017,7.8454
1,1,task_recipe,2.2755,239.4264,7.0774
1,1,task_poetry,10.7467,259.3648,64.9074
1,1,task_recipe,1.3469,259.4624,4.1220
1,1,task_poetry,1.8564,259.7008,8.0900
1,2,task_recipe,1.6562,4.8744,4.8744
1,2,task_poetry,1.0536,14.5612,13.6862
1,2,task_recipe,1.8725,16.4559,8.1359
1,2,task_poetry,2.0572,17.6429,6.3621
1,2,task_recipe,1.6696,18.7016,6.1020
1,2,task_poetry,4.2495,114.6743,111.1286
1,2,task_recipe,1.4449,114.8267,4.7666
1,2,task_poetry,2.1196,114.9942,5.6608
1,2,task_recipe,2.1332,115.0607,4.2960
1,2,task_poetry,2.2284,118.5638,13.9662
1,2,task_recipe,2.2431,119.6756,10.4511
1,2,task_poetry,1.8220,121.3870,9.3801
1,2,task_recipe,1.5247,121.3245,6.8734
1,2,task_poetry,1.8837,122.5032,6.5532
1,2,task_recipe,2.0325,122.7071,5.3424
1,2,task_poetry,2.2232,124.5863,9.2189
1,3,task_recipe,1.9223,6.1747,6.1747
1,3,task_poetry,2.3844,10.2223,8.0911
1,3,task_recipe,2.0473,15.3211,10.7890
1,3,task_poetry,1.4624,17.3828,6.7962
1,3,task_recipe,1.8784,18.4767,6.2883
1,3,task_poetry,0.9071,27.3338,19.7433
1,3,task_recipe,1.6840,28.1806,5.9602
1,3,task_poetry,4.3779,69.0992,61.8261
1,3,task_recipe,1.3061,69.4571,6.1937
1,3,task_poetry,1.8598,70.8106,7.3320
1,3,task_recipe,1.8465,71.0167,3.9869
1,3,task_poetry,1.3788,72.2686,6.8835
1,3,task_recipe,1.5528,72.5731,5.5788
1,3,task_poetry,1.0600,72.7600,3.3276
1,3,task_recipe,1.3978,73.7978,8.0527
1,3,task_poetry,6.2601,255.3871,222.4706
1,4,task_recipe,1.5794,4.8800,4.8800
1,4,task_poetry,1.5728,9.7970,8.4271
1,4,task_recipe,2.3576,11.7187,6.1797
1,4,task_poetry,2.4788,15.4388,9.5357
1,4,task_recipe,1.8849,18.1317,8.9091
1,4,task_poetry,3.4795,19.3458,6.1479
1,4,task_recipe,2.0187,20.5130,6.3542
1,4,task_poetry,2.2580,21.5497,5.3957
1,4,task_recipe,1.6882,22.9381,5.8300
1,4,task_poetry,1.2470,23.7843,4.8302
1,4,task_recipe,1.4858,24.0708,4.6350
1,4,task_poetry,1.6319,32.3716,20.7659
1,4,task_recipe,1.7896,33.3485,6.3757
1,4,task_poetry,1.8563,39.5962,20.5510
1,4,task_recipe,1.5081,40.6468,7.8557
1,4,task_poetry,0.7741,44.0275,9.7052
1,5,task_recipe,1.6519,4.8578,4.8578
1,5,task_poetry,1.7717,8.6774,7.1778
1,5,task_recipe,1.8411,12.8406,9.0494
1,5,task_poetry,3.8762,48.2273,46.6121
1,5,task_recipe,1.7730,48.6295,5.7567
1,5,task_poetry,1.8122,49.4944,7.4371
1,5,task_recipe,1.4417,49.6850,7.4451
1,5,task_poetry,2.1245,51.4055,9.9898
1,5,task_recipe,1.6959,52.4857,8.7841
1,5,task_poetry,4.8114,77.2837,43.6882
1,5,task_recipe,1.0604,77.5691,4.5030
1,5,task_poetry,1.1316,79.3892,14.7738
1,5,task_recipe,1.5490,79.4449,5.1883
1,5,task_poetry,4.6948,106.3625,44.4219
1,5,task_recipe,2.3632,106.5845,7.5931
1,5,task_poetry,1.3112,107.4173,5.9004
1,6,task_recipe,1.4833,6.1544,6.1544
1,6,task_poetry,4.9600,56.7298,56.2410
1,6,task_recipe,2.1056,58.5103,11.0703
1,6,task_poetry,5.8366,87.0341,51.5513
1,6,task_recipe,2.1954,87.2153,4.3909
1,6,task_poetry,1.7051,88.2904,9.6626
1,6,task_recipe,1.8022,88.4117,3.9352
1,6,task_poetry,1.1973,89.0983,6.4330
1,6,task_recipe,1.6994,107.6775,48.4468
1,6,task_poetry,2.0164,107.7389,4.6044
1,6,task_recipe,2.0781,108.1655,5.9076
1,6,task_poetry,1.1339,109.2662,14.7185
1,6,task_recipe,1.8338,109.4724,6.0048
1,6,task_poetry,4.6057,133.2251,49.1282
1,6,task_recipe,2.2503,133.5066,5.6984
1,6,task_poetry,3.5652,166.5194,68.4768
1,7,task_recipe,1.8729,5.6759,5.6759
1,7,task_poetry,1.8975,95.7798,95.5928
1,7,task_recipe,1.9547,95.9573,5.1503
1,7,task_poetry,2.2928,100.3375,17.5432
1,7,task_recipe,1.4986,100.6325,4.7576
1,7,task_poetry,2.8998,130.1532,47.6515
1,7,task_recipe,1.6234,130.9565,7.6972
1,7,task_poetry,2.3978,132.7211,11.6085
1,7,task_recipe,1.5738,132.9813,6.3009
1,7,task_poetry,1.2345,135.7720,13.8074
1,7,task_recipe,1.6971,136.0323,5.2645
1,7,task_poetry,2.0244,162.5239,37.2623
1,7,task_recipe,1.6494,163.3909,9.5393
1,7,task_poetry,2.7582,213.4772,74.6485
1,7,task_recipe,2.0934,213.5730,6.2941
1,7,task_poetry,3.0231,215.2286,8.7161
1,8,task_recipe,1.8497,8.0506,8.0506
1,8,task_poetry,1.4804,9.4563,4.8255
1,8,task_recipe,2.1487,12.8119,8.2033
1,8,task_poetry,2.0751,14.0469,5.2629
1,8,task_recipe,2.2501,15.2687,6.5609
1,8,task_poetry,2.2718,46.3700,43.1647
1,8,task_recipe,1.8721,46.8687,5.5305
1,8,task_poetry,3.3275,184.9300,168.0885
1,8,task_recipe,1.9743,184.8928,5.5976
1,8,task_poetry,1.8242,186.9132,11.5848
1,8,task_recipe,1.7625,187.1001,5.7296
1,8,task_poetry,1.4546,187.3924,4.5961
1,8,task_recipe,1.4797,187.5106,5.1490
1,8,task_poetry,1.9301,188.5755,7.3628
1,8,task_recipe,1.7787,188.8057,7.3251
1,8,task_poetry,1.6269,188.4506,18.6622
1,9,task_recipe,2.4636,6.5527,6.5527
1,9,task_poetry,1.3145,15.6454,14.1530
1,9,task_recipe,1.6698,17.6719,8.0689
1,9,task_poetry,6.2562,42.0731,38.6183
1,9,task_recipe,1.8060,42.6419,6.8221
1,9,task_poetry,3.1464,43.9812,7.6514
1,9,task_recipe,1.6449,44.6129,6.9073
1,9,task_poetry,1.6263,44.9561,5.1837
1,9,task_recipe,2.3784,46.0294,8.4947
1,9,task_poetry,1.8299,46.6640,6.8203
1,9,task_recipe,1.7383,47.1725,6.0121
1,9,task_poetry,1.6516,50.5662,12.9117
1,9,task_recipe,1.4228,52.6925,9.4627
1,9,task_poetry,1.9541,55.3611,9.3663
1,9,task_recipe,1.4817,55.7288,5.1374
1,9,task_poetry,3.3391,119.7936,91.5800
1,10,task_recipe,1.3666,7.6553,7.6553
1,10,task_poetry,2.4731,11.5586,8.3238
1,10,task_recipe,2.0814,14.3651,8.0287
1,10,task_poetry,2.4394,67.3096,64.5183
1,10,task_recipe,1.8907,67.6070,6.4857
1,10,task_poetry,5.5371,104.2232,71.4831
1,10,task_recipe,1.7663,104.3702,6.2086
1,10,task_poetry,2.7644,135.7589,83.8009
1,10,task_recipe,2.0201,135.8289,6.5333
1,10,task_poetry,2.3513,136.7151,7.8157
1,10,task_recipe,1.4864,136.8173,7.5198
1,10,task_poetry,3.0253,137.6221,9.8813
1,10,task_recipe,1.3738,138.3190,8.0108
1,10,task_poetry,1.4419,139.0737,9.3590
1,10,task_recipe,1.9618,139.6622,7.3018
1,10,task_poetry,2.0045,140.3203,6.7864
1,11,task_recipe,1.8682,8.5116,8.5116
1,11,task_poetry,2.0069,95.6253,94.9278
1,11,task_recipe,1.9707,95.9828,6.1012
1,11,task_poetry,2.4574,96.4952,6.3656
1,11,task_recipe,1.4663,96.5327,5.8275
1,11,task_poetry,1.5350,96.7439,5.4697
1,11,task_recipe,2.2153,97.1839,7.7335
1,11,task_poetry,10.7329,118.2762,55.7304
1,11,task_recipe,1.7861,118.3686,6.2193
1,11,task_poetry,2.1999,144.7058,44.4875
1,11,task_recipe,1.7997,144.9261,6.1486
1,11,task_poetry,2.1623,145.6829,6.7656
1,11,task_recipe,1.9467,145.8654,4.7290
1,11,task_poetry,1.6132,148.6270,11.1967
1,11,task_recipe,1.5484,148.7084,4.7313
1,11,task_poetry,1.4544,149.3969,22.8488
1,12,task_recipe,1.8274,6.6881,6.6881
1,12,task_poetry,1.7923,24.4612,23.5250
1,12,task_recipe,1.8906,24.9179,5.2975
1,12,task_poetry,2.6187,26.8789,8.6965
1,12,task_recipe,1.4578,27.7719,7.5776
1,12,task_poetry,1.9204,28.4597,8.1384
1,12,task_recipe,2.2153,29.0235,5.7373
1,12,task_poetry,5.4541,52.0638,45.5510
1,12,task_recipe,1.9156,52.6957,9.3708
1,12,task_poetry,2.5202,54.0940,10.7779
1,12,task_recipe,1.8493,54.2503,3.8847
1,12,task_poetry,1.8971,60.9774,25.1326
1,12,task_recipe,1.0725,62.0639,8.0221
1,12,task_poetry,1.9516,62.4870,5.9306
1,12,task_recipe,2.2445,63.3275,8.2406
1,12,task_poetry,1.9144,69.3923,25.2789
1,13,task_recipe,1.7336,8.1664,8.1664
1,13,task_poetry,5.3136,50.7888,50.0595
1,13,task_recipe,1.8190,51.0151,4.8195
1,13,task_poetry,3.1972,72.1633,48.3481
1,13,task_recipe,2.0440,72.7433,6.8344
1,13,task_poetry,1.6480,72.3014,6.8484
1,13,task_recipe,2.0090,73.0133,7.4024
1,13,task_poetry,1.3804,74.3461,7.5239
1,13,task_recipe,1.5383,74.8425,5.7575
1,13,task_poetry,1.9690,76.7135,10.2434
1,13,task_recipe,1.4860,76.8519,5.5268
1,13,task_poetry,4.3301,133.4543,96.3641
1,13,task_recipe,1.4597,133.4942,4.0660
1,13,task_poetry,2.1224,161.0290,61.2276
1,13,task_recipe,2.1714,161.4082,7.1738
1,13,task_poetry,2.5678,235.6987,115.2026
1,14,task_recipe,1.9716,8.1691,8.1691
1,14,task_poetry,1.8438,13.4717,10.7551
1,14,task_recipe,1.3299,14.8521,6.4261
1,14,task_poetry,2.7018,18.9461,11.9532
1,14,task_recipe,1.6522,19.6388,5.6177
1,14,task_poetry,1.6793,33.7479,26.4855
1,14,task_recipe,1.7447,34.0967,6.0616
1,14,task_poetry,2.1602,111.8875,101.2259
1,14,task_recipe,1.4764,112.2358,5.6956
1,14,task_poetry,1.3694,124.0923,23.9975
1,14,task_recipe,1.9211,124.0893,3.4093
1,14,task_poetry,1.1025,124.8856,6.4940
1,14,task_recipe,1.6825,124.6396,7.1642
1,14,task_poetry,1.7614,130.3484,15.5939
1,14,task_recipe,1.4626,130.3616,3.8810
1,14,task_poetry,1.9600,139.0237,29.7213
1,15,task_recipe,1.6805,5.7521,5.7521
1,15,task_poetry,1.6834,103.0964,103.1559
1,15,task_recipe,2.5727,103.4915,8.1191
1,15,task_poetry,2.3566,103.8916,10.3672
1,15,task_recipe,1.7849,104.5203,9.5653
1,15,task_poetry,2.0773,106.9893,11.5094
1,15,task_recipe,2.2754,107.0216,6.0698
1,15,task_poetry,5.5596,116.5165,46.1316
1,15,task_recipe,2.3311,116.5938,5.0471
1,15,task_poetry,2.3959,117.5844,9.1722
1,15,task_recipe,1.5294,117.7988,7.1934
1,15,task_poetry,0.5618,117.6216,20.2912
1,15,task_recipe,1.9934,117.5821,5.5337
1,15,task_poetry,2.4002,119.3617,9.8434
1,15,task_recipe,1.8038,119.2261,4.6309
1,15,task_poetry,2.0723,120.7370,6.8702
1,16,task_recipe,2.1902,5.3268,5.3268
1,16,task_poetry,1.9123,8.7103,6.9191
1,16,task_recipe,1.9792,10.6848,6.0776
1,16,task_poetry,2.1436,13.7297,8.1937
1,16,task_recipe,2.0419,15.1220,5.5593
1,16,task_poetry,2.0722,16.1007,5.0027
1,16,task_recipe,1.3545,16.7702,4.2414
1,16,task_poetry,1.7301,18.4487,7.3923
1,16,task_recipe,1.8124,19.6953,6.3572
1,16,task_poetry,2.5002,51.5572,47.1953
1,16,task_recipe,2.0078,51.8901,6.2376
1,16,task_poetry,2.0570,52.1684,5.8994
1,16,task_recipe,1.5083,52.7463,7.2996
1,16,task_poetry,2.0318,53.3888,9.5873
1,16,task_recipe,2.1691,54.0942,6.5898
1,16,task_poetry,1.5221,110.3656,86.7682
1,17,task_recipe,1.8945,6.3998,6.3998
1,17,task_poetry,2.2023,11.7027,9.8963
1,17,task_recipe,1.5314,14.5578,8.2108
1,17,task_poetry,1.8977,16.7039,7.9962
1,17,task_recipe,1.4641,18.2780,6.5580
1,17,task_poetry,2.2855,21.2411,8.7908
1,17,task_recipe,1.2432,22.5231,5.9178
1,17,task_poetry,2.0633,24.6263,7.8786
1,17,task_recipe,1.8560,25.3836,5.4825
1,17,task_poetry,1.0373,27.5556,11.3018
1,17,task_recipe,2.0908,28.1579,5.5620
1,17,task_poetry,1.4103,86.2460,80.4718
1,17,task_recipe,1.9054,86.7954,6.6167
1,17,task_poetry,2.4193,87.5851,8.8310
1,17,task_recipe,2.2189,87.7303,6.8024
1,17,task_poetry,2.3971,92.0135,15.7964
1,18,task_recipe,1.6965,7.2616,7.2616
1,18,task_poetry,1.9300,12.0167,9.5747
1,18,task_recipe,1.4497,12.6247,3.9527
1,18,task_poetry,0.7802,57.1563,56.2840
1,18,task_recipe,1.5198,57.1868,5.2379
1,18,task_poetry,0.7439,55.9211,10.8595
1,18,task_recipe,2.0325,56.9219,9.4888
1,18,task_poetry,1.1583,57.7454,6.8049
1,18,task_recipe,1.6279,57.9385,5.7265
1,18,task_poetry,1.5231,58.4505,6.5368
1,18,task_recipe,1.7068,58.6057,4.8515
1,18,task_poetry,1.6019,59.2972,6.5316
1,18,task_recipe,1.8270,60.4490,9.3822
1,18,task_poetry,4.0245,64.9623,22.9493
1,18,task_recipe,1.9575,65.1146,3.9277
1,18,task_poetry,1.8914,66.2450,9.4970
1,19,task_recipe,1.9227,5.4635,5.4635
1,19,task_poetry,1.7750,13.6665,12.6761
1,19,task_recipe,1.9826,14.8832,6.0403
1,19,task_poetry,1.9708,16.0741,5.8330
1,19,task_recipe,1.0727,17.7028,6.8530
1,19,task_poetry,1.4052,19.1732,7.2273
1,19,task_recipe,2.5062,20.3822,6.4240
1,19,task_poetry,0.6269,30.5064,22.5484
1,19,task_recipe,1.5814,32.1894,8.1409
1,19,task_poetry,0.5083,33.2737,11.1734
1,19,task_recipe,1.6276,34.2281,6.6902
1,19,task_poetry,1.5844,44.1372,26.4403
1,19,task_recipe,1.8003,44.9138,7.4655
1,19,task_poetry,1.6919,62.5688,38.6021
1,19,task_recipe,2.2925,62.6426,6.2320
1,19,task_poetry,1.7070,101.2067,51.0572
1,20,task_recipe,1.7558,6.2132,6.2132
1,20,task_poetry,3.4052,38.1377,37.4776
1,20,task_recipe,1.4148,38.4117,4.3811
1,20,task_poetry,3.7889,50.2188,33.6608
1,20,task_recipe,1.9183,50.3616,4.8473
1,20,task_poetry,0.8822,50.7426,11.6316
1,20,task_recipe,1.9429,51.3190,7.5925
1,20,task_poetry,1.6986,52.2367,9.5531
1,20,task_recipe,1.8429,52.8977,7.1158
1,20,task_poetry,1.5500,53.1627,5.4686
1,20,task_recipe,1.4285,53.4045,4.8072
1,20,task_poetry,2.0391,71.5054,48.5880
1,20,task_recipe,1.6942,71.6038,5.2316
1,20,task_poetry,1.7907,72.8040,8.9548
1,20,task_recipe,1.5857,73.2452,5.7378
1,20,task_poetry,1.0074,98.3710,51.6365
1,21,task_recipe,2.0646,6.5704,6.5704
1,21,task_poetry,2.7278,89.5413,89.2969
1,21,task_recipe,1.4815,89.7065,5.8367
1,21,task_poetry,0.8558,90.6692,11.1295
1,21,task_recipe,2.3048,90.9486,6.4585
1,21,task_poetry,1.6204,91.6921,7.2212
1,21,task_recipe,1.9295,91.9240,5.8797
1,21,task_poetry,1.0145,107.8508,59.0140
1,21,task_recipe,1.8526,107.9773,5.2251
1,21,task_poetry,1.7940,108.7178,8.6824
1,21,task_recipe,1.6918,108.7456,3.9927
1,21,task_poetry,1.2226,152.4112,79.3898
1,21,task_recipe,1.2711,152.4269,5.2761
1,21,task_poetry,1.8063,152.7618,8.6632
1,21,task_recipe,2.0156,152.7377,6.4284
1,21,task_poetry,2.7125,164.2906,76.4075
1,22,task_recipe,1.8759,11.6537,11.6537
1,22,task_poetry,1.9037,14.5605,8.3414
1,22,task_recipe,2.3140,15.7934,6.0938
1,22,task_poetry,3.9181,28.9696,24.3380
1,22,task_recipe,1.5407,29.4085,5.1826
1,22,task_poetry,1.0640,43.1404,31.9034
1,22,task_recipe,2.6897,44.1360,8.6064
1,22,task_poetry,1.5156,47.2673,19.0013
1,22,task_recipe,1.6405,47.6800,4.8799
1,22,task_poetry,0.5889,67.2996,42.1636
1,22,task_recipe,2.0970,67.3450,5.2874
1,22,task_poetry,1.5301,67.9252,7.0461
1,22,task_recipe,1.9144,68.3619,5.8162
1,22,task_poetry,3.8643,74.6621,25.9705
1,22,task_recipe,1.8982,74.8856,5.1974
1,22,task_poetry,2.1274,74.6516,9.3307
1,23,task_recipe,2.0054,7.4157,7.4157
1,23,task_poetry,1.6638,10.2791,7.1361
1,23,task_recipe,1.7285,12.0003,5.5770
1,23,task_poetry,2.2759,18.5384,14.0779
1,23,task_recipe,1.3300,19.5483,5.3881
1,23,task_poetry,1.7388,41.7862,36.9654
1,23,task_recipe,1.7600,42.0302,5.2062
1,23,task_poetry,2.5504,43.0880,7.6161
1,23,task_recipe,2.7113,44.6370,11.3946
1,23,task_poetry,1.2849,62.5956,38.6148
1,23,task_recipe,1.4591,62.8167,4.4946
1,23,task_poetry,1.2229,101.1019,53.3807
1,23,task_recipe,1.9282,101.1752,5.9680
1,23,task_poetry,9.8231,218.3812,188.3187
1,23,task_recipe,2.5841,218.2098,7.1299
1,23,task_poetry,1.6253,218.4506,8.0522
1,24,task_recipe,1.9917,7.3055,7.3055
1,24,task_poetry,0.7333,40.7248,40.3217
1,24,task_recipe,1.8282,41.0667,5.4475
1,24,task_poetry,1.6857,41.4724,5.3160
1,24,task_recipe,2.1546,42.1938,7.9972
1,24,task_poetry,1.1252,43.2688,7.0232
1,24,task_recipe,1.9413,45.1337,12.4097
1,24,task_poetry,1.8457,45.7915,7.0837
1,24,task_recipe,1.6265,46.4779,6.5963
1,24,task_poetry,1.5528,47.0144,8.7161
1,24,task_recipe,1.3859,47.4151,6.1961
1,24,task_poetry,6.2932,57.2278,32.9621
1,24,task_recipe,1.8174,57.4283,5.7802
1,24,task_poetry,1.0591,75.2898,42.4280
1,24,task_recipe,2.1418,75.3921,4.1677
1,24,task_poetry,2.0306,75.8790,9.4473
1,25,task_recipe,1.3663,5.3986,5.3986
1,25,task_poetry,0.8924,39.5424,39.2304
1,25,task_recipe,1.2358,39.9712,6.2339
1,25,task_poetry,8.6825,204.1054,197.4115
1,25,task_recipe,2.0676,203.8826,9.1879
1,25,task_poetry,2.2028,203.7390,5.6336
1,25,task_recipe,1.8128,203.8113,6.1076
1,25,task_poetry,1.7838,206.6708,26.5937
1,25,task_recipe,2.1852,206.7488,7.4878
1,25,task_poetry,1.4113,212.1768,33.8140
1,25,task_recipe,1.5301,212.4226,7.8898
1,25,task_poetry,1.5521,212.6841,7.7290
1,25,task_recipe,1.2989,212.7348,5.7064
1,25,task_poetry,1.0440,211.8575,16.6912
1,25,task_recipe,1.8292,211.8361,6.4778
1,25,task_poetry,1.0081,214.4664,33.4145
1,26,task_recipe,1.7445,5.1814,5.1814
1,26,task_poetry,1.8173,10.3962,9.0330
1,26,task_recipe,1.9688,12.0821,6.0033
1,26,task_poetry,1.5677,14.8911,9.0451
1,26,task_recipe,1.5768,17.5422,8.5333
1,26,task_poetry,1.4185,21.2023,9.5243
1,26,task_recipe,1.7824,22.3331,5.0679
1,26,task_poetry,0.4825,30.3295,19.4165
1,26,task_recipe,1.7744,30.7454,4.6178
1,26,task_poetry,2.1641,32.2081,6.9522
1,26,task_recipe,2.1513,33.2890,7.4541
1,26,task_poetry,5.2748,55.0943,44.1046
1,26,task_recipe,1.6601,55.3866,4.7286
1,26,task_poetry,1.7738,57.0337,8.8319
1,26,task_recipe,1.4971,57.5297,5.8545
1,26,task_poetry,1.8664,58.4632,7.9815
1,27,task_recipe,1.7969,7.8830,7.8830
1,27,task_poetry,1.8454,13.3194,10.5871
1,27,task_recipe,3.0185,15.8756,8.3118
1,27,task_poetry,1.5117,17.2486,7.2845
1,27,task_recipe,2.1756,19.7293,7.9121
1,27,task_poetry,3.7740,37.3266,31.7205
1,27,task_recipe,1.4981,37.5458,4.1523
1,27,task_poetry,1.8020,39.2804,8.8670
1,27,task_recipe,1.7729,39.4348,4.2504
1,27,task_poetry,2.5400,40.3047,6.9641
1,27,task_recipe,1.4607,41.3660,7.1628
1,27,task_poetry,0.6019,52.6509,30.0741
1,27,task_recipe,1.6786,52.9912,6.0942
1,27,task_poetry,0.3716,57.1983,30.4292
1,27,task_recipe,1.6834,57.6734,6.0949
1,27,task_poetry,1.5443,59.2289,7.2847
1,28,task_recipe,1.8002,3.5289,3.5289
1,28,task_poetry,1.5634,6.6445,5.5156
1,28,task_recipe,1.7995,9.8700,7.3062
1,28,task_poetry,2.6426,12.9429,7.9636
1,28,task_recipe,1.9460,14.4045,6.1299
1,28,task_poetry,4.9133,37.4892,34.7743
1,28,task_recipe,1.6151,37.7775,5.6373
1,28,task_poetry,0.9756,40.9844,16.0842
1,28,task_recipe,2.1973,41.8620,7.6481
1,28,task_poetry,1.9800,42.7409,9.7739
1,28,task_recipe,1.6416,43.1504,5.6798
1,28,task_poetry,1.8493,55.2441,31.9137
1,28,task_recipe,2.5416,57.7184,14.6982
1,28,task_poetry,1.9582,58.0448,6.5517
1,28,task_recipe,1.6286,58.1790,4.7829
1,28,task_poetry,2.0637,58.4360,7.1319
1,29,task_recipe,1.8562,4.1793,4.1793
1,29,task_poetry,1.6385,76.3650,76.1618
1,29,task_recipe,1.4280,77.0087,7.1410
1,29,task_poetry,1.7216,77.2518,6.6059
1,29,task_recipe,1.8251,77.5450,5.4492
1,29,task_poetry,1.0627,85.1460,16.5257
1,29,task_recipe,1.9354,85.5187,5.1712
1,29,task_poetry,2.1250,88.1228,10.6832
1,29,task_recipe,2.3881,88.8481,6.3066
1,29,task_poetry,1.4709,90.0158,7.3588
1,29,task_recipe,2.1253,90.5366,5.9134
1,29,task_poetry,0.6495,98.4219,23.0362
1,29,task_recipe,1.6468,98.5732,3.9939
1,29,task_poetry,1.6351,99.7252,7.3148
1,29,task_recipe,1.6048,100.3229,5.4899
1,29,task_poetry,0.5931,109.2854,24.0587
1,30,task_recipe,1.9829,7.4028,7.4028
1,30,task_poetry,0.2574,18.6155,17.1592
1,30,task_recipe,2.1612,19.7106,6.3037
1,30,task_poetry,1.0337,37.9788,30.3133
1,30,task_recipe,1.7550,38.2499,5.4328
1,30,task_poetry,0.5225,40.7309,23.3056
1,30,task_recipe,1.8451,41.1198,5.5759
1,30,task_poetry,2.0880,54.0595,34.0743
1,30,task_recipe,1.9105,54.8491,7.8176
1,30,task_poetry,1.3551,62.4849,21.4178
1,30,task_recipe,1.8468,62.9915,5.6896
1,30,task_poetry,1.1801,69.2757,24.9116
1,30,task_recipe,1.5733,69.5412,6.0102
1,30,task_poetry,0.9397,86.3902,41.6349
1,30,task_recipe,2.1753,86.4871,5.6390
1,30,task_poetry,0.5163,93.3522,21.0256
1,31,task_recipe,1.5345,4.7767,4.7767
1,31,task_poetry,2.0820,11.3721,10.3116
1,31,task_recipe,2.1737,12.6809,5.8484
1,31,task_poetry,1.8157,15.0609,7.6050
2,0,task_recipe,1.4630,4.1664,4.1664
2,0,task_poetry,0.5479,23.8354,23.4390
2,0,task_recipe,1.7171,25.1814,8.1421
2,0,task_poetry,1.0050,31.9561,15.1589
2,0,task_recipe,1.5050,32.7639,5.8479
2,0,task_poetry,0.8009,51.1389,25.7451
2,0,task_recipe,2.1941,51.8649,7.6672
2,0,task_poetry,1.3173,52.2413,7.2806
2,0,task_recipe,1.8115,53.0159,6.0855
2,0,task_poetry,1.4062,54.9178,7.7370
2,0,task_recipe,2.0298,55.8319,6.7986
2,0,task_poetry,3.1398,58.8786,9.1358
2,0,task_recipe,1.4504,59.1645,3.9926
2,0,task_poetry,1.4367,96.4058,56.8412
2,0,task_recipe,1.7719,96.9471,6.5154
2,0,task_poetry,2.0596,97.0532,4.9956
2,1,task_recipe,1.6472,5.0824,5.0824
2,1,task_poetry,6.8281,50.0547,49.7721
2,1,task_recipe,1.8431,50.7171,7.2975
2,1,task_poetry,3.7641,56.8103,23.7277
2,1,task_recipe,2.3008,57.2937,6.4105
2,1,task_poetry,1.7112,91.9531,71.9059
2,1,task_recipe,1.5186,92.1685,5.4160
2,1,task_poetry,1.3301,129.4512,57.2439
2,1,task_recipe,2.0546,129.7652,7.9864
2,1,task_poetry,1.6563,129.6102,7.2533
2,1,task_recipe,2.0459,129.9263,6.5247
2,1,task_poetry,0.5547,135.1136,30.8079
2,1,task_recipe,1.6384,135.5096,8.2595
2,1,task_poetry,2.6106,138.6861,32.3902
2,1,task_recipe,1.6947,139.2378,7.5722
2,1,task_poetry,1.6388,139.3689,7.1357
2,2,task_recipe,2.2889,6.4259,6.4259
2,2,task_poetry,1.9882,13.8447,12.8517
2,2,task_recipe,2.4975,19.3021,14.6447
2,2,task_poetry,2.2491,19.6679,5.6270
2,2,task_recipe,1.4392,20.3588,4.7255
2,2,task_poetry,2.0701,50.2163,45.3912
2,2,task_recipe,1.7803,50.4267,5.1702
2,2,task_poetry,1.6521,101.6570,79.6010
2,2,task_recipe,1.8308,102.0645,6.4924
2,2,task_poetry,1.7812,102.0071,22.1109
2,2,task_recipe,2.5786,102.6532,7.1651
2,2,task_poetry,0.5345,110.8744,28.3561
2,2,task_recipe,1.8810,110.8662,6.6776
2,2,task_poetry,1.4608,111.9304,34.5202
2,2,task_recipe,1.9180,112.0335,5.4368
2,2,task_poetry,1.7943,112.6280,10.1612
2,3,task_recipe,1.6527,6.2622,6.2622
2,3,task_poetry,2.0274,11.3105,9.4628
2,3,task_recipe,1.9705,13.0158,6.1195
2,3,task_poetry,0.8971,37.3479,35.0150
2,3,task_recipe,1.8478,39.0929,11.7341
2,3,task_poetry,1.5434,43.6818,19.2791
2,3,task_recipe,2.3064,44.2559,6.1335
2,3,task_poetry,1.7918,44.8537,7.3070
2,3,task_recipe,2.0028,46.2097,9.4344
2,3,task_poetry,1.5004,70.5411,42.7945
2,3,task_recipe,1.9773,71.1911,7.3063
2,3,task_poetry,1.8543,72.4234,8.3513
2,3,task_recipe,2.1775,72.7627,5.4326
2,3,task_poetry,2.3836,75.0663,10.5530
2,3,task_recipe,1.9146,75.5456,4.9219
2,3,task_poetry,0.4382,77.6342,25.0093
2,4,task_recipe,1.5212,5.7782,5.7782
2,4,task_poetry,0.9065,18.9173,18.2059
2,4,task_recipe,2.3003,19.9736,6.5270
2,4,task_poetry,1.4924,33.6042,25.3847
2,4,task_recipe,1.5778,34.0175,5.0956
2,4,task_poetry,0.4227,48.6268,24.3588
2,4,task_recipe,1.6518,48.8568,4.7740
2,4,task_poetry,1.9529,50.0085,6.6026
2,4,task_recipe,1.8704,50.4959,5.8300
2,4,task_poetry,2.3458,51.2207,9.1236
2,4,task_recipe,1.4197,51.9130,7.2252
2,4,task_poetry,0.5010,62.1486,22.9269
2,4,task_recipe,1.6408,62.4554,3.9701
2,4,task_poetry,1.3944,63.0573,6.1189
2,4,task_recipe,1.3321,64.0870,11.8886
2,4,task_poetry,3.2972,69.4271,31.7518
2,5,task_recipe,2.3848,6.3797,6.3797
2,5,task_poetry,0.3795,17.8146,16.7727
2,5,task_recipe,1.4861,19.3941,7.7330
2,5,task_poetry,5.1114,48.1196,44.5181
2,5,task_recipe,1.7580,48.5402,5.4312
2,5,task_poetry,0.9098,50.6293,14.9082
2,5,task_recipe,1.8074,50.9872,5.8389
2,5,task_poetry,3.0064,51.9607,9.6446
2,5,task_recipe,2.1728,52.9608,9.5703
2,5,task_poetry,2.1823,53.8692,8.3734
2,5,task_recipe,1.9813,54.5285,7.5013
2,5,task_poetry,4.0289,63.4386,30.7928
2,5,task_recipe,1.6797,63.9310,6.1823
2,5,task_poetry,1.5278,64.3864,7.7112
2,5,task_recipe,2.0189,65.0223,6.3911
2,5,task_poetry,5.0966,77.2931,45.2309
2,6,task_recipe,1.5968,5.3512,5.3512
2,6,task_poetry,0.9592,17.0798,15.9431
2,6,task_recipe,1.7600,18.2391,5.7154
2,6,task_poetry,2.1212,20.4952,8.4078
2,6,task_recipe,1.8177,22.1461,8.1548
2,6,task_poetry,1.5136,23.4944,8.2537
2,6,task_recipe,2.1187,24.5338,5.9182
2,6,task_poetry,2.4647,26.7472,9.6297
2,6,task_recipe,2.1529,27.8227,7.1531
2,6,task_poetry,2.3036,41.2420,32.4931
2,6,task_recipe,1.7800,42.1214,6.3653
2,6,task_poetry,1.6261,42.9037,7.1853
2,6,task_recipe,1.5472,43.3468,5.3803
2,6,task_poetry,0.3396,48.1703,20.1494
2,6,task_recipe,1.7884,48.6902,7.2675
2,6,task_poetry,7.0950,212.9329,207.8650
2,7,task_recipe,1.6047,5.6391,5.6391
2,7,task_poetry,0.3706,21.7492,21.1188
2,7,task_recipe,1.8407,22.0447,4.0273
2,7,task_poetry,2.6767,25.2945,11.6234
2,7,task_recipe,1.6036,26.3093,6.5734
2,7,task_poetry,4.2015,35.5824,23.2583
2,7,task_recipe,1.1250,35.9067,4.6119
2,7,task_poetry,1.7915,37.0959,7.4257
2,7,task_recipe,1.6808,37.5192,5.2884
2,7,task_poetry,1.0675,44.5415,22.8954
2,7,task_recipe,1.9567,44.7011,3.9487
2,7,task_poetry,2.4021,46.3658,8.9786
2,7,task_recipe,2.0925,46.7299,5.4046
2,7,task_poetry,0.3327,51.3430,15.3325
2,7,task_recipe,1.9057,51.9542,7.7325
2,7,task_poetry,10.3535,71.4054,56.7452
2,8,task_recipe,1.8473,9.0456,9.0456
2,8,task_poetry,3.9995,44.3810,43.3089
2,8,task_recipe,1.8403,45.2527,9.4682
2,8,task_poetry,1.8559,45.8115,7.9157
2,8,task_recipe,1.7516,46.3925,6.2559
2,8,task_poetry,7.7273,117.8887,106.4373
2,8,task_recipe,1.9071,118.0958,6.1219
2,8,task_poetry,0.9539,117.3513,14.9328
2,8,task_recipe,2.6653,117.8470,8.4563
2,8,task_poetry,0.5773,120.5143,30.3646
2,8,task_recipe,1.8231,120.5895,4.9825
2,8,task_poetry,1.8951,121.8676,30.4226
2,8,task_recipe,1.6823,122.0145,5.1675
2,8,task_poetry,1.7045,121.9911,9.7478
2,8,task_recipe,1.3313,122.2620,5.2965
2,8,task_poetry,1.5375,122.2488,6.4542
2,9,task_recipe,2.1742,7.5119,7.5119
2,9,task_poetry,2.3583,11.8477,9.2114
2,9,task_recipe,1.3852,13.5116,6.3668
2,9,task_poetry,4.5294,36.6987,34.1185
2,9,task_recipe,1.7719,36.8960,4.3553
2,9,task_poetry,1.8940,38.0852,7.9721
2,9,task_recipe,1.7199,38.5860,6.0147
2,9,task_poetry,1.0745,45.9062,24.2651
2,9,task_recipe,2.4764,46.2022,5.4255
2,9,task_poetry,0.8408,47.2536,10.8631
2,9,task_recipe,1.7978,47.3932,3.5586
2,9,task_poetry,1.4977,48.4718,7.9983
2,9,task_recipe,1.9436,48.8864,5.2178
2,9,task_poetry,0.8552,66.5356,44.7243
2,9,task_recipe,1.4666,66.7605,8.0097
2,9,task_poetry,0.9667,77.8979,26.0124
2,10,task_recipe,1.5684,5.6556,5.6556
2,10,task_poetry,1.0682,8.4469,6.2622
2,10,task_recipe,1.8993,12.1712,8.5921
2,10,task_poetry,2.0688,14.4429,7.1816
2,10,task_recipe,1.7410,15.7971,6.2841
2,10,task_poetry,0.9366,33.1694,29.6839
2,10,task_recipe,1.4827,33.5592,4.7441
2,10,task_poetry,2.0047,34.9163,9.0388
2,10,task_recipe,1.9042,35.3289,5.3052
2,10,task_poetry,1.6009,35.9009,7.2474
2,10,task_recipe,1.4635,36.2889,5.1749
2,10,task_poetry,1.5491,37.9127,9.1775
2,10,task_recipe,2.0464,38.5912,5.7662
2,10,task_poetry,0.5214,43.3320,21.7626
2,10,task_recipe,2.2530,43.9966,7.0414
2,10,task_poetry,1.5299,44.5835,6.9590
2,11,task_recipe,1.6696,6.1898,6.1898
2,11,task_poetry,2.1317,12.0693,10.3415
2,11,task_recipe,2.0473,13.8611,6.9454
2,11,task_poetry,3.6880,36.3778,33.5714
2,11,task_recipe,2.1092,37.1989,6.5111
2,11,task_poetry,1.0235,40.7024,16.5439
2,11,task_recipe,1.6804,41.6630,8.4505
2,11,task_poetry,1.1160,42.4160,6.9982
2,11,task_recipe,2.2518,42.9373,5.8257
2,11,task_poetry,1.8516,43.3828,8.1254
2,11,task_recipe,2.0507,44.2506,7.6747
2,11,task_poetry,1.5228,44.7691,7.1330
2,11,task_recipe,2.3342,45.0796,5.1783
2,11,task_poetry,1.7413,45.9632,9.5993
2,11,task_recipe,2.1337,46.1672,4.1537
2,11,task_poetry,2.3521,46.8680,7.8890
2,12,task_recipe,2.9910,8.0614,8.0614
2,12,task_poetry,2.1884,10.1931,5.6133
2,12,task_recipe,2.5753,13.3508,8.2069
2,12,task_poetry,1.5547,14.5125,5.4544
2,12,task_recipe,1.0452,15.0933,4.4415
2,12,task_poetry,1.2619,16.6644,5.8061
2,12,task_recipe,1.4585,17.2243,3.9588
2,12,task_poetry,2.3250,19.8028,9.9223
2,12,task_recipe,1.8174,20.7842,5.4479
2,12,task_poetry,1.9300,22.5597,9.0970
2,12,task_recipe,1.9077,23.0375,5.0877
2,12,task_poetry,2.0267,24.2311,7.3229
2,12,task_recipe,2.2061,25.6691,8.3024
2,12,task_poetry,2.1314,28.0522,9.6310
2,12,task_recipe,1.2158,28.7004,6.1021
2,12,task_poetry,2.6419,31.6060,9.7478
2,13,task_recipe,1.7098,5.5181,5.5181
2,13,task_poetry,2.1320,8.7598,6.5256
2,13,task_recipe,2.1070,11.5647,7.9044
2,13,task_poetry,1.1248,20.9434,17.3666
2,13,task_recipe,1.9925,21.9163,5.6375
2,13,task_poetry,3.8944,32.1222,24.4364
2,13,task_recipe,1.0467,32.8697,6.3567
2,13,task_poetry,1.6416,46.5512,31.6416
2,13,task_recipe,2.2501,47.3192,6.8016
2,13,task_poetry,0.1988,49.7370,10.6459
2,13,task_recipe,1.9548,50.5905,5.9831
2,13,task_poetry,1.4682,55.9382,20.6468
2,13,task_recipe,1.7391,56.4888,5.1510
2,13,task_poetry,1.4387,56.4539,4.9518
2,13,task_recipe,1.9256,56.6625,3.4221
2,13,task_poetry,2.1889,57.6547,9.4390
2,14,task_recipe,2.1740,5.6747,5.6747
2,14,task_poetry,2.0421,8.1998,5.9447
2,14,task_recipe,1.6642,10.3105,6.1081
2,14,task_poetry,5.2368,42.8527,41.5473
2,14,task_recipe,1.9200,43.5792,7.7644
2,14,task_poetry,1.5792,50.1515,22.0492
2,14,task_recipe,2.3707,50.9555,8.0784
2,14,task_poetry,1.7454,51.8917,9.0490
2,14,task_recipe,1.3274,52.5705,6.9362
2,14,task_poetry,1.7895,53.0979,8.8008
2,14,task_recipe,1.8678,53.9041,6.7677
2,14,task_poetry,1.7026,54.3883,7.4025
2,14,task_recipe,1.4758,54.6313,5.9963
2,14,task_poetry,1.6088,55.1662,5.3790
2,14,task_recipe,1.7917,55.3601,6.4263
2,14,task_poetry,1.1421,56.4805,6.7894
2,15,task_recipe,1.7679,4.6799,4.6799
2,15,task_poetry,0.3459,17.4402,16.8522
2,15,task_recipe,2.2059,18.8309,7.0054
2,15,task_poetry,2.5312,20.7031,7.6574
2,15,task_recipe,1.8474,21.7661,6.7072
2,15,task_poetry,1.1702,26.0314,12.8968
2,15,task_recipe,1.7629,26.8108,7.3809
2,15,task_poetry,1.7884,35.8674,25.9556
2,15,task_recipe,1.9276,36.5833,6.0736
2,15,task_poetry,1.8162,37.5786,6.2723
2,15,task_recipe,1.9263,38.0369,5.9806
2,15,task_poetry,0.7885,47.0990,30.5836
2,15,task_recipe,1.4931,47.3514,4.1908
2,15,task_poetry,1.2299,57.4662,31.5599
2,15,task_recipe,1.9992,57.9972,6.5536
2,15,task_poetry,1.4780,61.5580,18.1669
2,16,task_recipe,1.8853,5.3133,5.3133
2,16,task_poetry,1.6914,28.8900,28.4282
2,16,task_recipe,1.7706,29.6617,6.4763
2,16,task_poetry,2.1125,30.2217,5.7410
2,16,task_recipe,1.7304,30.8953,5.3180
2,16,task_poetry,0.8714,35.8690,12.4156
2,16,task_recipe,1.7779,36.5704,7.9268
2,16,task_poetry,1.7588,37.4335,9.1181
2,16,task_recipe,1.5296,38.1193,7.4332
2,16,task_poetry,1.7441,39.3086,8.6533
2,16,task_recipe,1.3186,39.9138,7.3196
2,16,task_poetry,2.4130,90.1441,72.9798
2,16,task_recipe,2.0114,90.4037,5.4493
2,16,task_poetry,2.3983,91.8402,8.6410
2,16,task_recipe,1.3385,91.9165,7.4552
2,16,task_poetry,1.7788,92.4984,8.8833
2,17,task_recipe,1.4486,5.0961,5.0961
2,17,task_poetry,4.3794,30.8500,30.4526
2,17,task_recipe,1.4211,31.2592,4.9032
2,17,task_poetry,0.2167,33.7891,11.9899
2,17,task_recipe,1.9478,34.5377,7.4223
2,17,task_poetry,1.9312,36.7019,11.4421
2,17,task_recipe,1.4458,37.2104,6.0499
2,17,task_poetry,0.8104,40.6821,14.2787
2,17,task_recipe,1.8001,40.9507,4.7516
2,17,task_poetry,1.2128,46.4756,20.0399
2,17,task_recipe,1.9629,46.7415,6.0954
2,17,task_poetry,0.2834,47.9115,21.7290
2,17,task_recipe,2.4926,48.2201,6.6319
2,17,task_poetry,0.6531,61.7014,40.0762
2,17,task_recipe,1.6970,61.8417,4.9391
2,17,task_poetry,0.1643,64.2439,8.6781
2,18,task_recipe,1.5503,8.5956,8.5956
2,18,task_poetry,1.5220,10.8435,6.6473
2,18,task_recipe,1.5480,12.8845,5.8293
2,18,task_poetry,1.6348,26.8824,23.5088
2,18,task_recipe,1.4078,27.2280,4.3865
2,18,task_poetry,1.6568,28.7486,9.9248
2,18,task_recipe,1.8820,29.2851,5.5155
2,18,task_poetry,0.3027,32.5567,15.9772
2,18,task_recipe,1.8956,33.1118,5.8491
2,18,task_poetry,1.4256,34.4387,9.8831
2,18,task_recipe,1.6438,34.7657,4.9856
2,18,task_poetry,2.2317,36.4768,8.5907
2,18,task_recipe,1.6146,37.8967,9.1838
2,18,task_poetry,2.6148,38.5632,7.9161
2,18,task_recipe,1.8311,39.8309,8.7744
2,18,task_poetry,0.7362,52.0181,27.0462
2,19,task_recipe,1.9653,5.8502,5.8502
2,19,task_poetry,1.3519,27.7691,27.2630
2,19,task_recipe,1.5417,28.6177,7.1101
2,19,task_poetry,2.5366,29.4382,6.8741
2,19,task_recipe,1.6900,29.7085,4.1231
2,19,task_poetry,2.1281,30.3874,7.0742
2,19,task_recipe,1.7938,31.1910,6.9422
2,19,task_poetry,0.5644,36.8660,22.6885
2,19,task_recipe,1.6679,37.7715,7.4619
2,19,task_poetry,1.4645,41.4484,16.4851
2,19,task_recipe,1.4880,41.7610,4.8031
2,19,task_poetry,1.8489,42.8865,9.1350
2,19,task_recipe,1.8919,44.9189,12.4283
2,19,task_poetry,0.2118,46.7249,10.7254
2,19,task_recipe,1.8720,46.9790,5.7456
2,19,task_poetry,2.0431,47.6138,6.2937
2,20,task_recipe,1.8526,5.5567,5.5567
2,20,task_poetry,3.5468,29.6537,29.1231
2,20,task_recipe,2.0153,30.5927,6.7429
2,20,task_poetry,1.2190,36.8718,20.7261
2,20,task_recipe,2.0020,37.8472,7.5738
2,20,task_poetry,4.9587,49.6502,30.8810
2,20,task_recipe,1.3846,49.9042,6.2253
2,20,task_poetry,1.5526,51.6399,10.9608
2,20,task_recipe,1.8795,51.9673,6.5658
2,20,task_poetry,5.3849,77.3829,54.7601
2,20,task_recipe,1.9306,77.5370,5.2015
2,20,task_poetry,1.5855,77.9244,6.5435
2,20,task_recipe,2.6758,78.7710,11.4862
2,20,task_poetry,2.0242,78.7237,4.7069
2,20,task_recipe,1.6225,78.6890,6.7377
2,20,task_poetry,0.3035,79.5660,15.0178
2,21,task_recipe,1.4275,6.4237,6.4237
2,21,task_poetry,6.1616,33.4709,32.8649
2,21,task_recipe,1.0511,34.2480,7.1958
2,21,task_poetry,1.7989,34.9268,6.4665
2,21,task_recipe,1.9720,37.0970,11.0374
2,21,task_poetry,2.0674,37.3426,5.1082
2,21,task_recipe,1.4200,37.9277,7.0376
2,21,task_poetry,1.6118,39.0068,8.0801
2,21,task_recipe,1.4561,39.1287,4.6259
2,21,task_poetry,0.2149,41.5408,13.5727
2,21,task_recipe,1.6517,41.7226,5.0479
2,21,task_poetry,2.4044,42.7425,7.7553
2,21,task_recipe,1.7683,44.0948,9.4578
2,21,task_poetry,1.6617,44.4350,5.2633
2,21,task_recipe,1.3581,44.7559,4.3476
2,21,task_poetry,5.3769,59.0825,38.8688
2,22,task_recipe,2.1581,6.7495,6.7495
2,22,task_poetry,1.7483,10.8530,8.8053
2,22,task_recipe,1.9032,12.2352,6.0348
2,22,task_poetry,1.8837,13.9586,6.7352
2,22,task_recipe,1.6453,15.2166,5.7676
2,22,task_poetry,2.9615,17.0438,7.6164
2,22,task_recipe,1.5119,18.6529,7.4694
2,22,task_poetry,2.0610,20.7746,9.1001
2,22,task_recipe,1.7518,21.6245,5.8275
2,22,task_poetry,1.4141,22.3054,4.4502
2,22,task_recipe,1.5110,24.1492,8.5135
2,22,task_poetry,1.6687,25.9704,9.3355
2,22,task_recipe,2.0422,26.6108,5.9353
2,22,task_poetry,2.4254,27.3543,6.0868
2,22,task_recipe,2.1500,28.5002,7.9974
2,22,task_poetry,1.1121,29.2037,5.4181
2,23,task_recipe,1.2582,5.3013,5.3013
2,23,task_poetry,1.3646,10.4962,8.9493
2,23,task_recipe,1.8066,11.9273,5.6934
2,23,task_poetry,1.9446,13.3841,5.8473
2,23,task_recipe,2.1929,14.0937,4.5651
2,23,task_poetry,0.1107,15.5173,6.6597
2,23,task_recipe,1.6724,16.6989,5.8258
2,23,task_poetry,0.3908,24.4564,16.3894
2,23,task_recipe,2.1666,25.2116,6.6327
2,23,task_poetry,1.7814,26.1013,6.7606
2,23,task_recipe,1.7948,26.9178,6.3411
2,23,task_poetry,1.2236,27.3415,4.5977
2,23,task_recipe,1.4445,28.0095,5.8493
2,23,task_poetry,1.5560,28.6065,5.2312
2,23,task_recipe,1.6594,29.1996,5.7958
2,23,task_poetry,1.6338,29.9579,6.6385
2,24,task_recipe,1.6095,7.0164,7.0164
2,24,task_poetry,0.2570,14.4846,12.8192
2,24,task_recipe,2.0339,16.3524,8.3105
2,24,task_poetry,1.7863,19.0208,10.1188
2,24,task_recipe,1.3429,19.5250,4.2051
2,24,task_poetry,2.3733,22.1299,9.8043
2,24,task_recipe,1.0341,22.9490,6.2826
2,24,task_poetry,1.7597,25.2792,9.0041
2,24,task_recipe,1.8773,26.1194,6.5249
2,24,task_poetry,1.3523,56.4649,50.5985
2,24,task_recipe,1.6412,56.7254,5.8150
2,24,task_poetry,1.1601,56.2287,12.1643
2,24,task_recipe,1.5527,56.3443,5.8723
2,24,task_poetry,2.2585,58.7049,13.9448
2,24,task_recipe,2.1703,60.0796,8.4663
2,24,task_poetry,1.5333,60.3158,5.5263
2,25,task_recipe,1.5288,8.4076,8.4076
2,25,task_poetry,1.2911,22.4964,20.9633
2,25,task_recipe,2.0719,24.7786,10.4258
2,25,task_poetry,1.5060,25.2808,5.5213
2,25,task_recipe,1.5222,25.8638,4.9480
2,25,task_poetry,2.1041,81.7845,74.1295
2,25,task_recipe,1.8375,81.8856,3.9723
2,25,task_poetry,1.8462,81.8819,8.3439
2,25,task_recipe,2.3735,82.1918,8.6822
2,25,task_poetry,4.7963,88.9172,36.4609
2,25,task_recipe,2.3131,89.3133,6.1950
2,25,task_poetry,1.9966,90.5319,9.0210
2,25,task_recipe,2.1798,91.0496,7.9568
2,25,task_poetry,0.1901,88.8156,10.3059
2,25,task_recipe,1.8041,89.2314,5.5963
2,25,task_poetry,1.1125,91.8599,24.4044
2,26,task_recipe,1.7555,5.3872,5.3872
2,26,task_poetry,1.2888,7.8797,5.8413
2,26,task_recipe,1.8462,8.9884,4.2743
2,26,task_poetry,2.4421,12.8494,9.4798
2,26,task_recipe,1.0398,14.5297,6.7581
2,26,task_poetry,1.7284,20.1660,13.5458
2,26,task_recipe,1.6005,20.8268,5.7229
2,26,task_poetry,1.4539,31.4183,22.6059
2,26,task_recipe,1.2857,31.9469,5.7323
2,26,task_poetry,0.3455,34.0518,20.0983
2,26,task_recipe,1.7634,35.5793,10.0374
2,26,task_poetry,0.2401,56.0432,39.0150
2,26,task_recipe,1.8237,56.2185,6.2289
2,26,task_poetry,2.9206,56.7075,6.9872
2,26,task_recipe,2.1252,57.1783,7.4964
2,26,task_poetry,1.9238,57.2785,5.9551
2,27,task_recipe,1.3088,6.7555,6.7555
2,27,task_poetry,1.2393,33.1933,32.7517
2,27,task_recipe,1.7850,34.0521,7.8658
2,27,task_poetry,1.9746,34.8445,6.7691
2,27,task_recipe,1.4506,35.4652,5.7934
2,27,task_poetry,1.9208,35.8169,9.9032
2,27,task_recipe,1.5301,36.3400,7.1101
2,27,task_poetry,1.4406,36.7083,6.8429
2,27,task_recipe,1.3504,37.1206,5.4349
2,27,task_poetry,3.4345,37.8949,6.0352
2,27,task_recipe,2.4692,38.5633,6.8399
2,27,task_poetry,4.0075,53.2105,34.9696
2,27,task_recipe,1.8170,53.4989,7.1032
2,27,task_poetry,2.3875,54.3584,11.2116
2,27,task_recipe,2.2010,54.6144,5.8154
2,27,task_poetry,1.6932,55.0794,7.0076
2,28,task_recipe,1.8367,5.7443,5.7443
2,28,task_poetry,2.1414,9.0477,7.0212
2,28,task_recipe,1.2295,10.7986,6.1768
2,28,task_poetry,1.7334,13.8719,8.5943
2,28,task_recipe,2.3935,15.5749,7.2448
2,28,task_poetry,1.8785,17.8476,8.1420
2,28,task_recipe,1.5470,18.9454,6.4272
2,28,task_poetry,1.7974,20.4670,7.0145
2,28,task_recipe,1.5694,21.4055,5.8470
2,28,task_poetry,1.5091,22.5204,7.8470
2,28,task_recipe,1.8300,23.1423,5.2826
2,28,task_poetry,5.8917,37.2002,28.7240
2,28,task_recipe,2.1270,37.4610,4.4843
2,28,task_poetry,1.0484,37.5382,3.3610
2,28,task_recipe,1.8551,38.0336,5.6641
2,28,task_poetry,0.7791,39.3966,11.6316
2,29,task_recipe,2.1275,5.7927,5.7927
2,29,task_poetry,0.7714,11.2238,9.5660
2,29,task_recipe,1.5416,12.3959,4.9226
2,29,task_poetry,1.0916,13.8751,6.5874
2,29,task_recipe,1.9364,14.5797,4.8352
2,29,task_poetry,2.0168,17.6903,10.0875
2,29,task_recipe,1.4808,19.4274,7.8191
2,29,task_poetry,2.3665,83.6985,81.4206
2,29,task_recipe,1.9756,83.8998,6.4501
2,29,task_poetry,1.6943,84.8018,8.3812
2,29,task_recipe,1.6217,84.9317,4.9393
2,29,task_poetry,3.8931,88.9395,30.0247
2,29,task_recipe,1.3186,89.2407,7.6493
2,29,task_poetry,1.3998,91.8597,18.6312
2,29,task_recipe,1.8667,92.6078,9.5250
2,29,task_poetry,1.6607,93.4297,7.4275
2,30,task_recipe,2.0734,5.7124,5.7124
2,30,task_poetry,1.7140,8.9446,6.8407
2,30,task_recipe,1.8069,9.8011,4.1071
2,30,task_poetry,3.9197,51.4872,51.1934
2,30,task_recipe,1.3768,51.8878,7.2720
2,30,task_poetry,3.2533,58.6870,26.0157
2,30,task_recipe,1.8303,58.9728,5.5661
2,30,task_poetry,0.4913,68.4643,33.8281
2,30,task_recipe,1.5351,68.9811,7.9669
2,30,task_poetry,1.9429,69.9313,9.4649
2,30,task_recipe,2.5689,70.4050,8.9060
2,30,task_poetry,2.0477,70.9522,7.5750
2,30,task_recipe,2.0099,71.7042,7.8988
2,30,task_poetry,1.8721,72.2981,6.9788
2,30,task_recipe,1.4908,72.6285,6.0064
2,30,task_poetry,1.6538,76.7304,34.4648
2,31,task_recipe,1.9159,8.2816,8.2816
2,31,task_poetry,2.0141,10.3380,6.2184
2,31,task_recipe,1.4355,12.8843,7.6186
2,31,task_poetry,0.9838,16.6913,10.9511
3,0,task_recipe,1.8223,6.7704,6.7704
3,0,task_poetry,0.2610,16.2954,14.8735
3,0,task_recipe,1.2484,17.2374,5.2870
3,0,task_poetry,0.7866,20.3640,11.4901
3,0,task_recipe,1.6861,20.7636,4.1345
3,0,task_poetry,2.1441,22.1825,8.1692
3,0,task_recipe,2.0786,22.8525,5.3198
3,0,task_poetry,7.2371,65.9505,62.1800
3,0,task_recipe,1.9763,66.8323,9.6089
3,0,task_poetry,4.9712,78.5764,33.8002
3,0,task_recipe,2.4069,80.3878,14.3452
3,0,task_poetry,1.6172,80.9643,6.9978
3,0,task_recipe,2.1610,81.1927,5.8540
3,0,task_poetry,0.3838,84.0243,19.5767
3,0,task_recipe,2.2392,84.3928,7.0775
3,0,task_poetry,1.7578,85.2120,10.1526
3,1,task_recipe,2.3727,8.8196,8.8196
3,1,task_poetry,1.1036,65.6638,65.1973
3,1,task_recipe,1.3066,65.9201,5.2687
3,1,task_poetry,1.7107,67.3411,13.4982
3,1,task_recipe,1.9559,67.4168,4.0385
3,1,task_poetry,0.2331,67.9535,15.7295
3,1,task_recipe,1.5150,68.4331,8.5332
3,1,task_poetry,0.7889,71.5722,25.4070
3,1,task_recipe,2.0259,71.7723,8.4960
3,1,task_poetry,1.7189,71.9403,9.2647
3,1,task_recipe,1.7560,72.1259,5.9207
3,1,task_poetry,1.9496,72.8044,10.0208
3,1,task_recipe,1.9637,73.0824,6.2505
3,1,task_poetry,1.0938,73.6525,6.6372
3,1,task_recipe,2.1746,74.0833,7.9069
3,1,task_poetry,3.7217,76.4671,24.8395
3,2,task_recipe,1.5995,7.1082,7.1082
3,2,task_poetry,0.7768,14.2412,12.2690
3,2,task_recipe,1.9754,15.4828,5.6697
3,2,task_poetry,1.6433,18.2936,10.0824
3,2,task_recipe,1.5566,19.3586,5.8473
3,2,task_poetry,0.3488,25.1091,17.1001
3,2,task_recipe,1.0424,26.0944,7.3782
3,2,task_poetry,2.3390,28.5790,10.6223
3,2,task_recipe,1.9465,30.4186,10.7152
3,2,task_poetry,4.7736,46.8501,36.4147
3,2,task_recipe,2.2001,47.2768,7.0760
3,2,task_poetry,1.5447,47.6574,5.2890
3,2,task_recipe,1.8303,47.9645,5.7848
3,2,task_poetry,1.5919,47.9084,5.5348
3,2,task_recipe,1.4422,48.5345,5.7977
3,2,task_poetry,2.6142,49.4764,8.0803
3,3,task_recipe,1.1127,4.6900,4.6900
3,3,task_poetry,1.4932,9.0396,7.6822
3,3,task_recipe,1.8134,11.1577,6.4348
3,3,task_poetry,2.0044,12.9604,6.2026
3,3,task_recipe,2.1189,14.5922,6.1318
3,3,task_poetry,0.1007,16.1433,7.7705
3,3,task_recipe,1.8151,18.2249,9.1558
3,3,task_poetry,1.5923,37.0139,34.3821
3,3,task_recipe,2.4576,37.4116,5.5427
3,3,task_poetry,1.0263,46.2886,30.0352
3,3,task_recipe,1.5256,46.8851,7.9402
3,3,task_poetry,1.9057,47.3412,8.3055
3,3,task_recipe,2.1549,47.5530,5.5209
3,3,task_poetry,1.6952,47.9080,7.5671
3,3,task_recipe,1.0329,48.2974,6.5386
3,3,task_poetry,1.7364,48.7118,9.7023
3,4,task_recipe,1.3552,14.6618,14.6618
3,4,task_poetry,4.1097,27.3255,23.2031
3,4,task_recipe,1.7931,27.7446,4.7809
3,4,task_poetry,3.2006,40.8811,31.5827
3,4,task_recipe,1.4973,41.5744,7.6421
3,4,task_poetry,2.3844,42.1011,8.5550
3,4,task_recipe,1.1815,42.6256,6.1875
3,4,task_poetry,2.3418,43.4912,7.9348
3,4,task_recipe,1.5206,44.2097,7.1933
3,4,task_poetry,1.0519,44.3326,3.4003
3,4,task_recipe,1.8715,44.6193,5.6122
3,4,task_poetry,1.4052,44.8879,4.4691
3,4,task_recipe,1.6563,45.3441,5.8743
3,4,task_poetry,1.5041,45.8368,5.5510
3,4,task_recipe,2.0765,47.0163,10.7868
3,4,task_poetry,4.8607,61.3059,42.0006
3,5,task_recipe,1.6212,4.9483,4.9483
3,5,task_poetry,3.8607,29.8518,29.4222
3,5,task_recipe,1.7509,30.5747,6.2586
3,5,task_poetry,2.2331,33.6385,13.2103
3,5,task_recipe,1.9756,34.6774,7.8837
3,5,task_poetry,0.1910,36.1339,10.3904
3,5,task_recipe,2.1850,36.4365,5.8670
3,5,task_poetry,5.1481,51.9867,36.0810
3,5,task_recipe,1.8348,52.1932,5.6453
3,5,task_poetry,0.1949,54.7610,10.6221
3,5,task_recipe,1.8768,55.0746,6.8750
3,5,task_poetry,1.5725,55.9169,7.0171
3,5,task_recipe,1.8307,56.0939,5.3497
3,5,task_poetry,2.1575,57.2889,9.5515
3,5,task_recipe,1.6966,57.5704,5.6981
3,5,task_poetry,1.2127,57.7995,4.5676
3,6,task_recipe,1.4881,4.9858,4.9858
3,6,task_poetry,1.6990,29.6059,29.2128
3,6,task_recipe,1.8350,29.8519,4.1405
3,6,task_poetry,1.6519,30.5059,5.1789
3,6,task_recipe,1.9172,31.2049,6.1529
3,6,task_poetry,2.0155,32.3440,9.2923
3,6,task_recipe,1.4233,32.9612,6.5222
3,6,task_poetry,3.7473,54.1968,41.1644
3,6,task_recipe,2.3181,54.4342,5.2620
3,6,task_poetry,0.0955,54.7062,5.4532
3,6,task_recipe,1.8470,55.2588,6.8139
3,6,task_poetry,1.7105,55.2419,6.7586
3,6,task_recipe,1.3193,55.7181,6.8498
3,6,task_poetry,2.9547,56.1411,7.6999
3,6,task_recipe,1.7628,56.4115,4.7967
3,6,task_poetry,0.7279,58.6151,11.4408
3,7,task_recipe,1.8650,6.6934,6.6934
3,7,task_poetry,0.7862,13.0553,10.9913
3,7,task_recipe,1.8063,14.4689,5.6656
3,7,task_poetry,1.9259,16.0767,5.8844
3,7,task_recipe,1.9668,17.5885,6.5726
3,7,task_poetry,0.1564,18.9771,10.9136
3,7,task_recipe,2.1537,20.8661,7.6121
3,7,task_poetry,1.3138,31.4151,20.0284
3,7,task_recipe,1.9327,31.9730,5.8626
3,7,task_poetry,1.7657,32.1078,8.7712
3,7,task_recipe,1.5043,32.5531,5.5854
3,7,task_poetry,2.1030,33.7273,7.3232
3,7,task_recipe,1.4516,34.0344,4.0298
3,7,task_poetry,1.9637,34.4890,6.8811
3,7,task_recipe,1.5357,35.1867,6.3867
3,7,task_poetry,3.9698,46.9752,28.8604
3,8,task_recipe,1.5274,7.2971,7.2971
3,8,task_poetry,1.5844,70.5297,70.0588
3,8,task_recipe,2.0924,70.9059,6.6317
3,8,task_poetry,3.4643,77.1745,27.6492
3,8,task_recipe,1.7867,77.3914,7.8921
3,8,task_poetry,1.4683,77.7823,7.7020
3,8,task_recipe,1.5977,77.8506,5.8450
3,8,task_poetry,0.1309,78.5945,7.8667
3,8,task_recipe,1.7215,78.8806,6.3689
3,8,task_poetry,1.0982,79.1392,7.3691
3,8,task_recipe,1.9229,79.4118,6.0997
3,8,task_poetry,3.8631,82.6465,24.0901
3,8,task_recipe,2.1166,83.0159,7.6003
3,8,task_poetry,1.6454,83.5997,8.6594
3,8,task_recipe,1.8119,83.7772,5.7358
3,8,task_poetry,1.4873,84.0699,8.1622
3,9,task_recipe,2.1256,4.2351,4.2351
3,9,task_poetry,1.7839,11.2921,10.5887
3,9,task_recipe,1.4383,13.7108,8.2428
3,9,task_poetry,0.1940,18.3933,12.4774
3,9,task_recipe,1.8767,19.2287,5.4599
3,9,task_poetry,1.2025,35.1633,27.9427
3,9,task_recipe,1.6981,35.7816,6.1664
3,9,task_poetry,1.6532,37.2421,9.5451
3,9,task_recipe,1.9437,38.2297,7.7302
3,9,task_poetry,2.0929,39.0147,8.3173
3,9,task_recipe,1.3099,39.4659,6.9162
3,9,task_poetry,1.3151,40.7680,16.9531
3,9,task_recipe,1.6768,41.5714,8.1079
3,9,task_poetry,6.2750,80.5253,69.2267
3,9,task_recipe,1.5186,80.8726,8.6665
3,9,task_poetry,1.9010,81.0007,10.0498
3,10,task_recipe,1.8426,4.4434,4.4434
3,10,task_poetry,0.1759,10.8672,10.0394
3,10,task_recipe,1.9176,11.4663,3.4907
3,10,task_poetry,1.7490,15.0439,9.3537
3,10,task_recipe,1.7600,15.8090,5.4810
3,10,task_poetry,2.0297,16.9110,6.0682
3,10,task_recipe,1.7764,17.7121,4.6029
3,10,task_poetry,1.1045,20.8525,13.4131
3,10,task_recipe,1.9872,22.0210,7.6290
3,10,task_poetry,1.3619,22.9209,7.2138
3,10,task_recipe,2.4640,23.9555,6.9558
3,10,task_poetry,0.6582,34.9296,29.0678
3,10,task_recipe,1.8641,36.0468,8.7478
3,10,task_poetry,0.9463,37.4958,15.8693
3,10,task_recipe,1.7853,37.9553,6.0026
3,10,task_poetry,1.4189,73.8154,52.4018
3,11,task_recipe,1.0161,6.7211,6.7211
3,11,task_poetry,0.1221,10.9591,8.5017
3,11,task_recipe,1.8488,12.3773,5.6567
3,11,task_poetry,0.7132,25.0597,21.2742
3,11,task_recipe,2.0249,25.9448,7.0620
3,11,task_poetry,3.4237,26.5970,6.0265
3,11,task_recipe,1.8010,28.1142,8.3853
3,11,task_poetry,1.1964,33.2973,18.7007
3,11,task_recipe,1.3857,33.7398,6.4993
3,11,task_poetry,1.5641,34.4877,6.5810
3,11,task_recipe,2.1843,34.7389,4.6653
3,11,task_poetry,1.6180,35.2025,6.8445
3,11,task_recipe,2.1573,36.5365,9.9384
3,11,task_poetry,1.5327,36.9033,5.4459
3,11,task_recipe,1.7460,37.4638,5.8919
3,11,task_poetry,3.1747,45.9724,26.4662
3,12,task_recipe,2.9582,7.9654,7.9654
3,12,task_poetry,1.6800,10.5917,7.1147
3,12,task_recipe,1.5171,13.0108,7.7821
3,12,task_poetry,2.3206,16.1576,9.6882
3,12,task_recipe,1.5634,17.7095,5.8752
3,12,task_poetry,0.6680,33.4083,28.0563
3,12,task_recipe,1.8289,35.1825,12.3710
3,12,task_poetry,1.6058,35.9109,7.1167
3,12,task_recipe,2.0381,36.4857,5.9090
3,12,task_poetry,2.4058,38.3594,11.5315
3,12,task_recipe,2.1209,39.0712,5.9106
3,12,task_poetry,1.6896,40.3094,8.6592
3,12,task_recipe,1.6204,41.2870,6.9664
3,12,task_poetry,0.7551,50.6005,23.1958
3,12,task_recipe,1.7796,51.5658,7.1381
3,12,task_poetry,1.8202,51.7292,8.4144
3,13,task_recipe,1.4834,4.9427,4.9427
3,13,task_poetry,1.8037,9.3443,7.9199
3,13,task_recipe,2.3876,11.8643,7.3867
3,13,task_poetry,1.2981,14.2718,7.6498
3,13,task_recipe,1.8556,15.5715,5.9759
3,13,task_poetry,3.8810,36.4654,32.4898
3,13,task_recipe,1.9555,36.7370,6.0196
3,13,task_poetry,1.9967,38.2530,9.8263
3,13,task_recipe,1.6254,38.3405,3.8896
3,13,task_poetry,1.7566,39.2499,8.9981
3,13,task_recipe,2.1597,40.4477,8.7044
3,13,task_poetry,3.4498,48.1454,28.2730
3,13,task_recipe,1.8702,48.3556,7.4496
3,13,task_poetry,2.2878,49.0917,8.9396
3,13,task_recipe,1.4966,49.7895,8.1279
3,13,task_poetry,1.4407,49.9761,7.0175
3,14,task_recipe,1.8851,6.1700,6.1700
3,14,task_poetry,0.9518,25.1553,24.4782
3,14,task_recipe,1.8315,26.9688,9.2929
3,14,task_poetry,2.0096,28.0579,7.1257
3,14,task_recipe,1.6032,28.5401,5.8264
3,14,task_poetry,1.8003,29.6756,8.1215
3,14,task_recipe,1.6436,30.0890,5.0700
3,14,task_poetry,2.0289,31.8295,9.9749
3,14,task_recipe,1.4721,32.9883,8.5751
3,14,task_poetry,1.6778,34.5361,8.4421
3,14,task_recipe,1.6473,35.2139,6.2499
3,14,task_poetry,1.5415,44.1963,24.2186
3,14,task_recipe,1.3660,44.4602,6.5043
3,14,task_poetry,1.7630,44.8592,6.8167
3,14,task_recipe,1.2804,45.2061,5.9026
3,14,task_poetry,0.1226,48.2473,9.3661
3,15,task_recipe,1.4484,4.2970,4.2970
3,15,task_poetry,2.0502,6.7292,5.1781
3,15,task_recipe,1.6304,8.9769,5.9210
3,15,task_poetry,0.3789,29.0832,27.6553
3,15,task_recipe,1.9406,29.6017,5.4517
3,15,task_poetry,5.2825,63.7263,56.8068
3,15,task_recipe,1.5294,63.9394,5.8653
3,15,task_poetry,1.5316,64.3257,5.6859
3,15,task_recipe,1.6241,64.5972,5.9176
3,15,task_poetry,4.2605,69.6892,30.1817
3,15,task_recipe,1.6630,69.9931,6.2992
3,15,task_poetry,1.4999,70.3072,7.1524
3,15,task_recipe,1.7374,70.6748,5.5977
3,15,task_poetry,4.4240,76.4877,33.5294
3,15,task_recipe,2.2998,76.6777,6.2626
3,15,task_poetry,1.8200,76.7645,8.9921
3,16,task_recipe,1.9853,6.7140,6.7140
3,16,task_poetry,0.4397,22.6988,21.6775
3,16,task_recipe,1.7434,23.6182,6.5411
3,16,task_poetry,2.1741,25.5575,8.7163
3,16,task_recipe,2.0029,26.2996,6.6112
3,16,task_poetry,0.1015,29.5311,6.0635
3,16,task_recipe,1.4476,30.0437,5.2598
3,16,task_poetry,0.8792,35.2041,17.8411
3,16,task_recipe,1.4665,35.7777,5.3348
3,16,task_poetry,2.0930,37.2977,10.3104
3,16,task_recipe,2.1219,37.8793,8.0265
3,16,task_poetry,1.5143,38.6812,6.5372
3,16,task_recipe,2.0270,39.4591,7.9939
3,16,task_poetry,2.0181,39.6166,4.8104
3,16,task_recipe,1.9993,40.2733,6.8619
3,16,task_poetry,1.2982,39.7547,19.8625
3,17,task_recipe,2.2768,6.6285,6.6285
3,17,task_poetry,0.7723,12.2178,10.2469
3,17,task_recipe,1.4770,13.6965,5.9184
3,17,task_poetry,2.0726,14.7882,5.3081
3,17,task_recipe,1.3361,15.3284,4.2913
3,17,task_poetry,0.5681,27.4231,24.0157
3,17,task_recipe,1.7705,28.2977,6.8645
3,17,task_poetry,0.1896,29.5799,10.8119
3,17,task_recipe,2.0383,30.2461,6.9327
3,17,task_poetry,1.0316,30.8540,6.4673
3,17,task_recipe,1.6020,31.9719,8.5790
3,17,task_poetry,0.2358,36.4042,16.7335
3,17,task_recipe,2.0281,36.9707,7.1081
3,17,task_poetry,2.3800,38.2066,9.1016
3,17,task_recipe,2.2338,38.7994,6.9783
3,17,task_poetry,1.0923,39.2974,5.9051
3,18,task_recipe,1.2979,7.6004,7.6004
3,18,task_poetry,2.4996,10.7952,7.8838
3,18,task_recipe,1.8027,14.7783,9.7263
3,18,task_poetry,1.7488,33.8595,29.3558
3,18,task_recipe,2.1878,34.9958,8.6630
3,18,task_poetry,1.9095,35.9487,6.8111
3,18,task_recipe,2.4843,36.6819,6.8563
3,18,task_poetry,2.6815,38.2925,12.3766
3,18,task_recipe,1.9538,38.6212,6.1926
3,18,task_poetry,0.7922,41.2461,15.3243
3,18,task_recipe,2.6523,43.5896,11.8311
3,18,task_poetry,0.1334,42.1682,8.2888
3,18,task_recipe,2.3568,43.5003,8.2915
3,18,task_poetry,1.7734,43.7216,6.4733
3,18,task_recipe,2.0292,44.1552,8.1822
3,18,task_poetry,1.9185,44.7185,6.0539
3,19,task_recipe,1.6354,5.1871,5.1871
3,19,task_poetry,0.0544,6.4508,3.6849
3,19,task_recipe,2.1170,9.9359,7.3911
3,19,task_poetry,2.3999,11.6980,6.1931
3,19,task_recipe,1.7355,12.9190,5.4306
3,19,task_poetry,1.5068,15.5608,9.0848
3,19,task_recipe,1.4772,16.9862,6.0411
3,19,task_poetry,1.9948,19.9013,10.1827
3,19,task_recipe,1.9397,21.2066,7.1558
3,19,task_poetry,0.1789,25.4891,11.3527
3,19,task_recipe,1.6520,25.9454,4.9847
3,19,task_poetry,1.4847,26.9893,6.6929
3,19,task_recipe,1.3049,27.7708,7.6678
3,19,task_poetry,1.3890,29.8954,9.1866
3,19,task_recipe,1.8285,30.1634,5.2139
3,19,task_poetry,0.7169,32.1972,11.1182
3,20,task_recipe,1.4072,4.5143,4.5143
3,20,task_poetry,2.4069,10.7408,9.7968
3,20,task_recipe,1.5119,12.3386,6.0987
3,20,task_poetry,1.4397,23.6128,19.4721
3,20,task_recipe,1.4390,23.9584,4.1433
3,20,task_poetry,0.3613,38.9641,28.6466
3,20,task_recipe,1.4025,39.0486,7.1863
3,20,task_poetry,3.8475,56.2629,42.2291
3,20,task_recipe,1.6936,56.4040,5.0217
3,20,task_poetry,1.0687,59.6113,20.9201
3,20,task_recipe,1.6338,60.1297,7.5544
3,20,task_poetry,1.0392,69.2799,20.5526
3,20,task_recipe,1.6771,69.6273,5.4311
3,20,task_poetry,1.2169,69.7662,5.7448
3,20,task_recipe,1.8738,70.0551,6.7432
3,20,task_poetry,1.2764,73.5796,19.4292
3,21,task_recipe,2.3672,6.4845,6.4845
3,21,task_poetry,1.4944,12.2516,10.3707
3,21,task_recipe,1.9077,13.3103,5.0737
3,21,task_poetry,2.3388,16.6391,10.0233
3,21,task_recipe,1.3510,17.3991,4.4427
3,21,task_poetry,1.7716,19.3029,7.5953
3,21,task_recipe,1.9904,21.1877,7.9552
3,21,task_poetry,0.2041,23.0686,9.7045
3,21,task_recipe,1.7815,23.9028,6.4744
3,21,task_poetry,1.7293,25.6943,8.9422
3,21,task_recipe,2.1538,26.6413,6.7639
3,21,task_poetry,1.0728,29.2403,11.9898
3,21,task_recipe,2.1387,30.2214,6.9260
3,21,task_poetry,1.6945,46.0023,37.2394
3,21,task_recipe,2.1316,46.2713,4.6039
3,21,task_poetry,0.9628,55.5389,25.8430
3,22,task_recipe,1.6288,6.3666,6.3666
3,22,task_poetry,1.4897,45.3340,44.6897
3,22,task_recipe,2.5772,46.0808,9.2048
3,22,task_poetry,5.6970,52.9616,27.5179
3,22,task_recipe,2.1657,53.7884,8.0630
3,22,task_poetry,2.0364,54.3880,6.5501
3,22,task_recipe,1.9016,55.0727,8.1203
3,22,task_poetry,6.7315,70.8671,46.0488
3,22,task_recipe,2.0135,71.0795,6.0257
3,22,task_poetry,3.0259,71.7624,9.9928
3,22,task_recipe,1.8636,72.2337,8.3229
3,22,task_poetry,1.5715,74.7279,21.0992
3,22,task_recipe,1.8454,75.0060,5.7033
3,22,task_poetry,0.9752,80.6292,30.8707
3,22,task_recipe,1.6618,80.8842,5.4218
3,22,task_poetry,0.8765,89.0550,38.0476
3,23,task_recipe,1.4070,8.4066,8.4066
3,23,task_poetry,1.9191,12.8450,9.7108
3,23,task_recipe,1.7476,17.0405,10.1809
3,23,task_poetry,1.8996,20.3666,10.9843
3,23,task_recipe,1.7811,21.9354,8.3978
3,23,task_poetry,0.1228,23.2014,7.4950
3,23,task_recipe,1.4224,24.0333,6.1005
3,23,task_poetry,1.7298,25.3092,7.5855
3,23,task_recipe,1.8120,26.2046,7.3775
3,23,task_poetry,1.8537,27.7218,8.3648
3,23,task_recipe,2.2709,28.1771,6.7081
3,23,task_poetry,1.4124,28.8151,5.0633
3,23,task_recipe,1.4315,29.4613,5.9037
3,23,task_poetry,2.3958,30.8125,9.9568
3,23,task_recipe,1.9039,31.5379,6.4993
3,23,task_poetry,2.4163,48.7893,37.1819
3,24,task_recipe,1.5297,5.0457,5.0457
3,24,task_poetry,2.0881,10.9894,9.7924
3,24,task_recipe,1.6110,14.2519,9.7817
3,24,task_poetry,1.9995,17.2566,9.5437
3,24,task_recipe,1.7259,19.3874,9.3229
3,24,task_poetry,2.0017,80.2756,75.5981
3,24,task_recipe,1.8036,80.5769,6.0034
3,24,task_poetry,2.3827,81.4304,8.0258
3,24,task_recipe,1.8478,81.9161,9.6208
3,24,task_poetry,1.3969,83.2569,41.5147
3,24,task_recipe,1.2798,83.1731,7.4142
3,24,task_poetry,1.3196,83.3245,8.9096
3,24,task_recipe,1.8303,83.4700,4.0453
3,24,task_poetry,2.1161,83.5739,7.0832
3,24,task_recipe,2.5130,84.0211,6.9374
3,24,task_poetry,1.8642,83.9507,6.8252
3,25,task_recipe,1.5428,5.9048,5.9048
3,25,task_poetry,2.2786,11.5110,10.0111
3,25,task_recipe,2.2954,13.1619,6.7473
3,25,task_poetry,1.4720,14.7523,6.9649
3,25,task_recipe,1.7071,15.6942,5.3340
3,25,task_poetry,2.2109,16.8088,5.5442
3,25,task_recipe,2.5590,18.8165,8.5011
3,25,task_poetry,0.3101,27.4797,20.5762
3,25,task_recipe,1.8458,28.2853,6.8506
3,25,task_poetry,2.1639,28.9179,5.7774
3,25,task_recipe,1.7881,29.8937,6.7442
3,25,task_poetry,0.0987,37.7737,15.8218
3,25,task_recipe,1.4673,38.2865,6.2508
3,25,task_poetry,1.6045,38.3433,7.6699
3,25,task_recipe,1.5601,38.6016,5.3471
3,25,task_poetry,1.8471,39.5982,7.0286
3,26,task_recipe,1.0311,4.6424,4.6424
3,26,task_poetry,1.3742,7.9483,6.5420
3,26,task_recipe,1.9967,9.5870,5.5126
3,26,task_poetry,10.0917,59.5303,59.0777
3,26,task_recipe,1.0338,60.1069,6.4209
3,26,task_poetry,1.2025,62.1521,19.5778
3,26,task_recipe,1.4218,62.3987,5.0700
3,26,task_poetry,1.7576,66.2308,26.8993
3,26,task_recipe,2.6482,66.6055,8.5212
3,26,task_poetry,1.1701,96.0318,67.5493
3,26,task_recipe,1.3921,96.5215,7.7088
3,26,task_poetry,2.5250,119.0431,74.8760
3,26,task_recipe,1.6404,119.1474,5.9108
3,26,task_poetry,2.1076,119.4089,6.0387
3,26,task_recipe,1.4487,119.5116,4.7150
3,26,task_poetry,1.7981,120.2438,8.7405
3,27,task_recipe,1.8354,7.4570,7.4570
3,27,task_poetry,4.8617,30.0444,29.0824
3,27,task_recipe,2.2418,30.7670,6.0940
3,27,task_poetry,1.7121,31.7914,8.5550
3,27,task_recipe,1.5980,32.3782,6.2162
3,27,task_poetry,1.2807,32.9217,6.0274
3,27,task_recipe,1.3335,33.3584,5.5255
3,27,task_poetry,0.2021,35.7308,11.8354
3,27,task_recipe,1.7952,35.9714,3.7265
3,27,task_poetry,0.6152,36.9070,12.0569
3,27,task_recipe,1.8940,37.3428,5.9176
3,27,task_poetry,1.5208,38.3439,7.8943
3,27,task_recipe,1.4863,38.5746,4.3215
3,27,task_poetry,1.7618,39.1910,6.9626
3,27,task_recipe,1.9216,39.6916,5.3512
3,27,task_poetry,0.6318,42.8340,10.5843
3,28,task_recipe,1.5737,5.3825,5.3825
3,28,task_poetry,1.7809,8.1822,6.1068
3,28,task_recipe,1.7359,10.9497,7.5989
3,28,task_poetry,1.6486,13.5251,7.6695
3,28,task_recipe,1.8078,14.1324,4.1630
3,28,task_poetry,2.1169,15.8652,6.9552
3,28,task_recipe,2.2812,16.9092,6.3667
3,28,task_poetry,1.5910,18.6665,8.2225
3,28,task_recipe,1.6537,20.5222,8.6953
3,28,task_poetry,1.9945,73.7272,69.7470
3,28,task_recipe,1.7253,73.9275,6.4744
3,28,task_poetry,1.2884,75.4979,17.0022
3,28,task_recipe,1.6440,75.7007,5.2213
3,28,task_poetry,0.9660,78.6091,17.3814
3,28,task_recipe,1.9297,78.7590,4.8974
3,28,task_poetry,1.1764,91.4473,38.0243
3,29,task_recipe,1.7894,5.7805,5.7805
3,29,task_poetry,1.9642,10.8685,9.2759
3,29,task_recipe,1.9385,12.7776,6.1529
3,29,task_poetry,0.1014,14.4537,6.2155
3,29,task_recipe,1.8561,15.8446,5.9756
3,29,task_poetry,4.9499,41.8314,38.5524
3,29,task_recipe,1.8776,42.2259,5.3850
3,29,task_poetry,5.9964,53.6579,31.7322
3,29,task_recipe,1.7751,54.0408,7.6306
3,29,task_poetry,2.5044,54.5944,7.0502
3,29,task_recipe,1.5142,54.7862,5.0453
3,29,task_poetry,1.0710,54.8985,5.4518
3,29,task_recipe,2.0654,55.1768,5.7870
3,29,task_poetry,0.9003,56.4482,10.6146
3,29,task_recipe,1.6692,57.1805,7.7906
3,29,task_poetry,3.0756,57.4918,7.5760
3,30,task_recipe,1.5517,5.6993,5.6993
3,30,task_poetry,2.8868,9.1206,7.0502
3,30,task_recipe,1.4488,12.3737,7.9852
3,30,task_poetry,0.0779,13.2700,5.1120
3,30,task_recipe,1.5750,15.2373,6.6374
3,30,task_poetry,1.7006,17.6643,8.6124
3,30,task_recipe,1.2079,18.4230,6.1364
3,30,task_poetry,0.3940,32.5534,26.0196
3,30,task_recipe,1.4203,32.9387,5.1371
3,30,task_poetry,2.0324,34.1628,7.6647
3,30,task_recipe,1.8994,34.5686,5.3166
3,30,task_poetry,1.7428,42.0944,22.0877
3,30,task_recipe,2.0955,43.1071,8.4287
3,30,task_poetry,2.0066,44.2461,8.0313
3,30,task_recipe,1.3615,45.3426,7.4268
3,30,task_poetry,0.1138,46.6256,7.1553
3,31,task_recipe,1.8208,12.2251,12.2251
3,31,task_poetry,2.5533,31.7218,29.1650
3,31,task_recipe,1.7504,32.0155,5.2067
3,31,task_poetry,2.6142,33.5238,9.7367
4,0,task_recipe,2.1537,8.0601,8.0601
4,0,task_poetry,1.0937,16.5361,14.0171
4,0,task_recipe,1.9176,19.4285,10.6958
4,0,task_poetry,2.3435,21.1034,8.1187
4,0,task_recipe,1.9384,21.7798,5.4751
4,0,task_poetry,1.7154,23.4084,9.5391
4,0,task_recipe,1.2695,24.3716,5.9069
4,0,task_poetry,2.6642,27.3277,12.5381
4,0,task_recipe,1.7783,29.1130,9.6796
4,0,task_poetry,1.8988,30.5805,9.7003
4,0,task_recipe,2.1791,31.6754,7.2060
4,0,task_poetry,1.4012,35.1248,17.0160
4,0,task_recipe,1.4870,36.1202,7.7120
4,0,task_poetry,1.4357,36.6828,7.0303
4,0,task_recipe,1.2330,36.8992,5.3978
4,0,task_poetry,1.7041,37.6233,6.9031
4,1,task_recipe,1.5095,8.8053,8.8053
4,1,task_poetry,3.7547,29.9125,28.5246
4,1,task_recipe,1.5206,30.6618,6.4707
4,1,task_poetry,4.8288,43.5758,31.9023
4,1,task_recipe,1.8321,44.2011,7.4406
4,1,task_poetry,1.9035,45.3417,9.5708
4,1,task_recipe,1.8246,47.0318,12.2750
4,1,task_poetry,1.5181,47.3635,5.4923
4,1,task_recipe,1.3596,47.8774,7.4196
4,1,task_poetry,1.8061,48.2110,8.8635
4,1,task_recipe,1.9300,48.6925,6.0998
4,1,task_poetry,1.7687,49.1373,7.6210
4,1,task_recipe,1.6298,49.3308,5.2621
4,1,task_poetry,2.0073,49.8217,10.1753
4,1,task_recipe,1.7859,49.8801,4.7800
4,1,task_poetry,1.6143,54.8877,22.1745
4,2,task_recipe,1.8145,5.3851,5.3851
4,2,task_poetry,1.7326,22.4996,22.0225
4,2,task_recipe,1.9461,24.1011,9.6650
4,2,task_poetry,0.0848,29.6167,13.7556
4,2,task_recipe,1.6300,29.9266,5.2076
4,2,task_poetry,0.1317,32.9562,9.1515
4,2,task_recipe,1.4991,34.2562,7.2651
4,2,task_poetry,2.1502,33.7317,5.7459
4,2,task_recipe,1.8564,35.2969,8.3714
4,2,task_poetry,1.5945,36.2122,6.9731
4,2,task_recipe,1.3780,36.6815,6.5141
4,2,task_poetry,1.5782,37.1515,5.6561
4,2,task_recipe,1.9793,37.6540,6.8329
4,2,task_poetry,1.1908,37.8733,18.9791
4,2,task_recipe,1.4480,38.5165,7.8884
4,2,task_poetry,1.2146,38.9972,5.7227
4,3,task_recipe,1.8090,6.8820,6.8820
4,3,task_poetry,1.2165,70.7497,70.3788
4,3,task_recipe,2.0026,71.3792,8.6782
4,3,task_poetry,5.6576,77.3170,27.7314
4,3,task_recipe,1.3346,77.4669,4.3405
4,3,task_poetry,2.0407,77.6651,5.2532
4,3,task_recipe,1.5684,78.0240,6.6440
4,3,task_poetry,1.4690,78.7672,8.8910
4,3,task_recipe,1.6203,79.0866,5.9714
4,3,task_poetry,0.1029,79.0002,6.4034
4,3,task_recipe,1.4842,79.3061,5.5564
4,3,task_poetry,1.7082,79.2898,8.8543
4,3,task_recipe,2.1809,79.4261,4.7132
4,3,task_poetry,0.1559,81.5537,10.5470
4,3,task_recipe,2.0957,81.7128,8.5464
4,3,task_poetry,3.8902,84.9389,29.7305
4,4,task_recipe,1.4839,4.2988,4.2988
4,4,task_poetry,1.8841,11.4278,10.6794
4,4,task_recipe,1.8580,13.3388,6.7901
4,4,task_poetry,2.0973,15.2410,7.4108
4,4,task_recipe,1.4332,16.3494,5.9411
4,4,task_poetry,2.0289,17.4969,6.1336
4,4,task_recipe,1.1776,18.5100,6.3163
4,4,task_poetry,1.7862,20.1511,7.9720
4,4,task_recipe,1.8554,20.9421,5.9201
4,4,task_poetry,0.3571,34.3728,28.5567
4,4,task_recipe,1.8657,35.2992,6.9899
4,4,task_poetry,1.5038,36.5036,7.9944
4,4,task_recipe,1.3888,37.7915,7.7434
4,4,task_poetry,4.1564,47.0108,30.3512
4,4,task_recipe,2.1048,47.1015,5.9238
4,4,task_poetry,1.4856,55.1980,34.4746
4,5,task_recipe,1.6415,8.6665,8.6665
4,5,task_poetry,2.0335,10.8478,6.5259
4,5,task_recipe,2.3368,13.8365,8.9019
4,5,task_poetry,0.0837,15.4532,6.7694
4,5,task_recipe,1.7337,17.1232,7.6072
4,5,task_poetry,0.5797,18.6171,10.4739
4,5,task_recipe,1.8340,19.2124,4.2074
4,5,task_poetry,1.6515,21.1950,8.7160
4,5,task_recipe,1.6934,21.7055,5.0739
4,5,task_poetry,1.9109,22.5880,6.0977
4,5,task_recipe,2.2158,23.6734,6.9648
4,5,task_poetry,1.8946,80.8688,77.0414
4,5,task_recipe,2.0150,81.0447,6.0703
4,5,task_poetry,0.7528,87.2432,22.2849
4,5,task_recipe,1.7010,87.4355,6.3199
4,5,task_poetry,0.5268,85.0952,19.6538
4,6,task_recipe,1.9566,4.1197,4.1197
4,6,task_poetry,1.4668,10.7350,9.9162
4,6,task_recipe,1.4468,11.7248,4.7691
4,6,task_poetry,1.6003,15.5589,10.1347
4,6,task_recipe,2.6281,17.7089,8.4466
4,6,task_poetry,1.5429,33.2295,28.7436
4,6,task_recipe,1.5755,33.5573,5.3963
4,6,task_poetry,1.6845,47.9408,28.6438
4,6,task_recipe,2.1420,48.3624,8.7846
4,6,task_poetry,1.7209,49.0982,9.1069
4,6,task_recipe,1.7717,49.7976,8.4552
4,6,task_poetry,1.7715,50.5675,8.0329
4,6,task_recipe,1.7283,50.8278,5.4121
4,6,task_poetry,1.3806,51.1070,4.5990
4,6,task_recipe,1.6487,51.4417,5.8459
4,6,task_poetry,0.0782,49.5547,8.0078
4,7,task_recipe,1.9657,5.7743,5.7743
4,7,task_poetry,2.1693,13.9122,12.6424
4,7,task_recipe,1.4831,16.1136,8.0529
4,7,task_poetry,0.8771,35.5238,31.1831
4,7,task_recipe,1.0320,35.9687,6.4007
4,7,task_poetry,1.7143,36.6053,7.5451
4,7,task_recipe,1.7446,36.7454,5.5589
4,7,task_poetry,2.3095,38.4500,9.8487
4,7,task_recipe,1.6224,38.8051,5.9808
4,7,task_poetry,2.4223,49.5923,28.7579
4,7,task_recipe,1.8823,49.8880,6.2360
4,7,task_poetry,0.8619,50.0172,10.5572
4,7,task_recipe,1.8957,50.4765,6.4952
4,7,task_poetry,0.0826,51.5334,5.9754
4,7,task_recipe,1.9313,51.7311,4.9321
4,7,task_poetry,0.1918,55.3207,11.9197
4,8,task_recipe,1.7547,4.8904,4.8904
4,8,task_poetry,0.0953,9.3437,8.0305
4,8,task_recipe,1.9189,11.7952,7.1808
4,8,task_poetry,2.0660,14.6065,9.7461
4,8,task_recipe,1.6239,15.2508,3.9500
4,8,task_poetry,2.3243,19.0001,11.0350
4,8,task_recipe,1.6457,19.6121,5.0218
4,8,task_poetry,0.7841,37.4748,33.7901
4,8,task_recipe,1.2926,37.6732,5.3806
4,8,task_poetry,0.1575,36.9074,8.8748
4,8,task_recipe,1.9599,37.3595,6.4062
4,8,task_poetry,1.2447,41.6639,19.8197
4,8,task_recipe,1.8727,42.0332,5.5022
4,8,task_poetry,1.4048,82.8122,71.3005
4,8,task_recipe,2.1644,83.1885,8.7228
4,8,task_poetry,2.2331,111.0725,71.6831
4,9,task_recipe,1.5117,5.0580,5.0580
4,9,task_poetry,2.0917,7.8697,6.0025
4,9,task_recipe,1.8699,9.6300,5.4573
4,9,task_poetry,2.3928,15.6590,11.8799
4,9,task_recipe,1.2906,17.1259,7.6843
4,9,task_poetry,0.9314,24.4574,17.3936
4,9,task_recipe,1.7530,25.2294,6.1266
4,9,task_poetry,0.1675,26.8993,10.4431
4,9,task_recipe,1.5557,27.7945,5.8801
4,9,task_poetry,2.0178,28.4815,7.5819
4,9,task_recipe,1.7118,29.2983,6.4217
4,9,task_poetry,1.5891,30.2866,6.6735
4,9,task_recipe,1.8716,30.7779,5.7695
4,9,task_poetry,1.5858,31.9166,8.2655
4,9,task_recipe,1.7082,32.3967,5.3925
4,9,task_poetry,0.7102,35.6249,11.5029
4,10,task_recipe,1.7810,6.0347,6.0347
4,10,task_poetry,1.3015,10.8250,8.9372
4,10,task_recipe,1.5105,12.2880,5.9249
4,10,task_poetry,1.2786,43.6471,42.0697
4,10,task_recipe,1.8571,44.0550,6.1054
4,10,task_poetry,1.7437,44.6375,6.9002
4,10,task_recipe,2.1348,44.9329,5.5991
4,10,task_poetry,0.0481,45.8489,4.1070
4,10,task_recipe,1.6425,46.3361,6.2544
4,10,task_poetry,1.3011,57.4958,41.6281
4,10,task_recipe,1.9895,57.8574,6.8946
4,10,task_poetry,0.3189,62.9364,19.3361
4,10,task_recipe,2.2274,63.1056,6.1159
4,10,task_poetry,4.3801,73.4791,33.6484
4,10,task_recipe,1.4772,73.6148,5.0208
4,10,task_poetry,2.0542,74.7992,10.2368
4,11,task_recipe,1.9122,6.2789,6.2789
4,11,task_poetry,1.6386,9.9599,7.7339
4,11,task_recipe,1.5609,13.2444,8.4963
4,11,task_poetry,1.4915,14.9509,7.2458
4,11,task_recipe,2.1554,16.2465,6.0178
4,11,task_poetry,2.3828,19.2814,9.7896
4,11,task_recipe,2.0538,22.4331,10.8980
4,11,task_poetry,1.5437,23.4593,6.6437
4,11,task_recipe,1.7848,24.2177,5.8044
4,11,task_poetry,1.9022,26.0721,10.6436
4,11,task_recipe,1.7170,26.7444,6.4808
4,11,task_poetry,4.6566,49.0324,41.0039
4,11,task_recipe,1.5957,49.3799,5.9762
4,11,task_poetry,0.7485,57.4022,29.2371
4,11,task_recipe,1.9284,57.7631,5.8580
4,11,task_poetry,0.1503,59.8383,13.4763
4,12,task_recipe,1.8264,6.0212,6.0212
4,12,task_poetry,4.7296,28.7112,28.1820
4,12,task_recipe,1.8299,29.0242,4.0604
4,12,task_poetry,3.4122,29.8691,6.0288
4,12,task_recipe,2.1413,31.5656,10.0772
4,12,task_poetry,3.1033,40.2474,27.0837
4,12,task_recipe,1.6512,40.7141,5.4718
4,12,task_poetry,0.0768,42.2710,7.6196
4,12,task_recipe,2.0599,42.7000,5.8545
4,12,task_poetry,1.9817,43.4102,7.0909
4,12,task_recipe,1.7689,44.0041,6.4844
4,12,task_poetry,1.5395,44.4356,6.9779
4,12,task_recipe,1.6296,45.1237,7.6016
4,12,task_poetry,0.9291,51.6496,21.5460
4,12,task_recipe,1.7894,51.9069,6.0191
4,12,task_poetry,1.8329,52.3966,7.0170
4,13,task_recipe,1.6519,7.7003,7.7003
4,13,task_poetry,2.4970,10.3989,7.0405
4,13,task_recipe,2.1512,12.4912,6.8165
4,13,task_poetry,2.0137,13.5796,4.9998
4,13,task_recipe,1.4416,14.4505,4.3685
4,13,task_poetry,1.0558,23.0580,17.7926
4,13,task_recipe,2.0328,24.0179,6.0387
4,13,task_poetry,2.1325,25.5837,9.7866
4,13,task_recipe,1.8595,26.5883,6.8300
4,13,task_poetry,1.4345,27.5128,7.4273
4,13,task_recipe,1.0265,27.8344,4.6702
4,13,task_poetry,1.0022,31.5294,11.6292
4,13,task_recipe,2.2197,32.1569,7.2136
4,13,task_poetry,2.9475,33.1814,7.9765
4,13,task_recipe,1.4648,33.5840,6.3130
4,13,task_poetry,1.0527,33.9796,6.5991
4,14,task_recipe,2.0205,6.9533,6.9533
4,14,task_poetry,2.2066,9.0103,5.5009
4,14,task_recipe,1.6149,10.2060,5.1559
4,14,task_poetry,0.2103,16.6916,13.2209
4,14,task_recipe,1.5870,17.6883,5.7915
4,14,task_poetry,3.3966,32.2778,26.6723
4,14,task_recipe,1.3035,33.0556,6.9002
4,14,task_poetry,0.7994,39.9274,20.6303
4,14,task_recipe,2.5041,40.5049,6.9972
4,14,task_poetry,1.1662,40.8148,16.9031
4,14,task_recipe,1.4011,41.2445,4.5736
4,14,task_poetry,0.3949,52.9899,30.4072
4,14,task_recipe,1.5389,53.0237,5.9881
4,14,task_poetry,2.3761,53.2122,6.2896
4,14,task_recipe,1.5951,53.6043,6.2512
4,14,task_poetry,0.3471,62.0345,29.0784
4,15,task_recipe,1.9839,8.1253,8.1253
4,15,task_poetry,0.5377,13.7125,11.0819
4,15,task_recipe,1.4548,14.4343,4.1510
4,15,task_poetry,0.2307,22.7720,21.3940
4,15,task_recipe,1.2607,23.8377,7.3666
4,15,task_poetry,2.1043,24.9991,7.0747
4,15,task_recipe,1.8061,25.3779,4.2255
4,15,task_poetry,0.0909,26.4346,5.3389
4,15,task_recipe,1.8241,26.8889,5.2865
4,15,task_poetry,1.7274,29.1340,9.8937
4,15,task_recipe,1.0195,29.9338,6.5802
4,15,task_poetry,0.5885,41.9865,26.1284
4,15,task_recipe,1.8271,43.1669,9.5352
4,15,task_poetry,0.1538,47.4342,10.0086
4,15,task_recipe,2.3755,48.3613,7.5476
4,15,task_poetry,1.0770,48.7831,5.7865
4,16,task_recipe,1.3212,5.5706,5.5706
4,16,task_poetry,1.5269,7.7997,5.4034
4,16,task_recipe,1.6779,9.6511,5.5214
4,16,task_poetry,1.0016,19.8161,17.0589
4,16,task_recipe,1.9207,20.0385,3.5771
4,16,task_poetry,2.5936,21.6373,8.3493
4,16,task_recipe,1.7922,22.0140,3.7648
4,16,task_poetry,4.8223,43.4216,37.0645
4,16,task_recipe,1.5954,44.0351,6.8731
4,16,task_poetry,2.3019,45.0623,9.8076
4,16,task_recipe,2.2644,45.7589,6.7337
4,16,task_poetry,0.8573,79.5402,59.9245
4,16,task_recipe,1.7897,79.6001,8.5598
4,16,task_poetry,0.5267,83.8666,10.2805
4,16,task_recipe,1.4111,83.9080,6.7021
4,16,task_poetry,1.6353,85.0024,8.7825
4,17,task_recipe,1.9823,5.5570,5.5570
4,17,task_poetry,0.7478,11.5451,10.0523
4,17,task_recipe,2.1544,13.9889,8.1602
4,17,task_poetry,1.7362,16.4257,8.4375
4,17,task_recipe,1.8533,18.9100,8.8752
4,17,task_poetry,0.4604,28.6336,22.5829
4,17,task_recipe,1.8508,29.5089,7.4159
4,17,task_poetry,1.0534,30.3659,7.3478
4,17,task_recipe,1.5600,31.2665,7.2475
4,17,task_poetry,1.0289,33.7048,20.4677
4,17,task_recipe,1.8467,34.0363,5.7992
4,17,task_poetry,1.6407,34.6333,5.3142
4,17,task_recipe,1.5194,35.0551,5.0780
4,17,task_poetry,1.9702,36.9201,11.5247
4,17,task_recipe,2.4533,37.8205,7.0646
4,17,task_poetry,1.6684,38.6165,8.3939
4,18,task_recipe,1.3923,8.6134,8.6134
4,18,task_poetry,1.8878,10.5777,6.0876
4,18,task_recipe,1.5301,12.3874,5.9312
4,18,task_poetry,0.1928,16.5771,11.6252
4,18,task_recipe,1.8058,17.9774,7.3815
4,18,task_poetry,1.9537,19.8558,9.3633
4,18,task_recipe,2.0140,21.0852,7.1252
4,18,task_poetry,0.9452,27.4651,17.1658
4,18,task_recipe,1.7456,28.0910,5.2538
4,18,task_poetry,1.6445,30.1418,9.6399
4,18,task_recipe,2.1784,30.8333,5.9663
4,18,task_poetry,1.9954,32.1307,9.7298
4,18,task_recipe,1.7833,32.8788,6.7846
4,18,task_poetry,2.2864,44.8639,38.4625
4,18,task_recipe,1.3523,45.2564,4.5452
4,18,task_poetry,0.8664,57.2089,34.9279
4,19,task_recipe,1.3662,17.8391,17.8391
4,19,task_poetry,1.8427,19.2577,6.8300
4,19,task_recipe,1.8151,19.8152,5.7537
4,19,task_poetry,2.8742,20.6388,7.1049
4,19,task_recipe,1.4202,21.2695,8.1362
4,19,task_poetry,3.5946,32.1799,24.1694
4,19,task_recipe,1.4341,32.5661,5.3123
4,19,task_poetry,6.6769,55.7711,43.0052
4,19,task_recipe,1.9719,56.3012,8.0505
4,19,task_poetry,1.9218,57.6884,8.7992
4,19,task_recipe,2.4487,57.8534,5.6277
4,19,task_poetry,1.6777,58.6786,8.7889
4,19,task_recipe,1.0502,59.5159,7.6789
4,19,task_poetry,1.6925,59.5097,10.2477
4,19,task_recipe,1.2785,60.0269,7.7320
4,19,task_poetry,1.9863,60.8064,10.1362
4,20,task_recipe,1.4192,5.1699,5.1699
4,20,task_poetry,2.1371,10.3579,8.8288
4,20,task_recipe,2.3546,12.1794,6.5621
4,20,task_poetry,1.2065,13.0719,4.6696
4,20,task_recipe,1.8283,14.7991,6.8028
4,20,task_poetry,2.3536,17.7051,9.1946
4,20,task_recipe,2.4751,18.8636,7.0089
4,20,task_poetry,1.4462,20.2533,7.4051
4,20,task_recipe,1.8023,20.8298,5.8689
4,20,task_poetry,1.6780,22.2115,7.9593
4,20,task_recipe,1.7733,23.3491,7.7544
4,20,task_poetry,1.5256,23.9841,5.8591
4,20,task_recipe,1.5000,25.1171,7.9013
4,20,task_poetry,1.7592,26.0057,6.4675
4,20,task_recipe,1.7560,27.4514,6.9720
4,20,task_poetry,2.2725,28.9941,9.1725
4,21,task_recipe,1.9495,7.9800,7.9800
4,21,task_poetry,0.5389,13.3604,10.8967
4,21,task_recipe,1.8824,15.9991,8.2634
4,21,task_poetry,1.9420,17.4561,7.0781
4,21,task_recipe,2.0088,18.6231,7.2162
4,21,task_poetry,3.0744,36.5634,31.5075
4,21,task_recipe,1.4133,36.9174,6.1349
4,21,task_poetry,1.9779,38.3570,10.2377
4,21,task_recipe,2.2948,38.8866,6.7293
4,21,task_poetry,1.6287,66.1874,57.6118
4,21,task_recipe,1.7478,66.6110,6.6966
4,21,task_poetry,2.1005,67.1161,7.0310
4,21,task_recipe,1.5039,67.5272,8.8035
4,21,task_poetry,1.7872,67.9575,8.6033
4,21,task_recipe,2.1263,68.1418,4.6425
4,21,task_poetry,0.0887,68.2098,5.7380
4,22,task_recipe,1.8304,6.8757,6.8757
4,22,task_poetry,1.5634,48.3643,48.0570
4,22,task_recipe,2.2682,48.6629,6.8941
4,22,task_poetry,1.8750,49.2318,7.0508
4,22,task_recipe,1.4613,49.5475,5.8628
4,22,task_poetry,0.1332,51.0168,10.6215
4,22,task_recipe,1.2030,51.3319,6.3057
4,22,task_poetry,0.2039,52.2821,14.0593
4,22,task_recipe,1.8983,52.4574,5.4203
4,22,task_poetry,1.8325,53.3443,8.3332
4,22,task_recipe,2.0763,53.6524,5.5383
4,22,task_poetry,1.7680,54.9667,8.4745
4,22,task_recipe,1.5598,55.0287,5.4161
4,22,task_poetry,1.9680,55.1446,6.1367
4,22,task_recipe,1.5173,55.6535,7.4970
4,22,task_poetry,1.1269,63.7121,30.1513
4,23,task_recipe,1.7919,9.4735,9.4735
4,23,task_poetry,1.7347,38.5451,37.4202
4,23,task_recipe,1.4257,38.6395,4.1994
4,23,task_poetry,1.9975,39.5610,8.1943
4,23,task_recipe,2.5676,40.8631,9.3545
4,23,task_poetry,6.8983,65.5801,53.2109
4,23,task_recipe,1.4131,65.8194,5.1406
4,23,task_poetry,9.8886,89.3148,58.2156
4,23,task_recipe,1.5078,89.6122,6.1571
4,23,task_poetry,1.6730,89.9300,14.0544
4,23,task_recipe,1.9038,90.0133,5.1529
4,23,task_poetry,0.5905,93.3908,24.9593
4,23,task_recipe,2.1015,93.6020,8.1993
4,23,task_poetry,1.5833,93.7773,7.1336
4,23,task_recipe,1.9945,94.3305,8.0952
4,23,task_poetry,1.0103,94.4704,6.6127
4,24,task_recipe,2.0128,8.3811,8.3811
4,24,task_poetry,3.7972,25.7315,23.9629
4,24,task_recipe,2.1051,27.1311,7.5394
4,24,task_poetry,1.4479,28.1075,7.9473
4,24,task_recipe,1.4497,29.3347,8.7324
4,24,task_poetry,0.7560,32.7029,15.0488
4,24,task_recipe,1.6414,33.0034,5.3212
4,24,task_poetry,1.6672,34.7378,9.3972
4,24,task_recipe,1.6872,34.8447,4.3400
4,24,task_poetry,0.9298,43.9971,24.5883
4,24,task_recipe,1.8094,45.6755,12.6530
4,24,task_poetry,1.4731,46.2644,6.5386
4,24,task_recipe,1.5473,46.6347,5.7943
4,24,task_poetry,1.2683,47.3536,6.1063
4,24,task_recipe,2.6197,48.2185,12.0175
4,24,task_poetry,3.6256,63.0250,38.0244
4,25,task_recipe,1.6358,6.3844,6.3844
4,25,task_poetry,2.6062,12.2807,10.7747
4,25,task_recipe,2.3378,14.9540,8.4184
4,25,task_poetry,0.7669,28.4983,24.5998
4,25,task_recipe,1.4926,29.0806,5.1831
4,25,task_poetry,1.4900,29.7803,5.6800
4,25,task_recipe,1.8433,31.4568,9.8516
4,25,task_poetry,0.7087,42.9412,25.6958
4,25,task_recipe,2.3522,45.4736,14.5401
4,25,task_poetry,3.6466,54.4015,29.5430
4,25,task_recipe,1.4656,54.6203,6.1359
4,25,task_poetry,4.0753,59.6696,23.8923
4,25,task_recipe,1.6842,59.7727,5.8792
4,25,task_poetry,0.2736,65.0341,20.0203
4,25,task_recipe,1.7602,65.7544,7.3275
4,25,task_poetry,1.0505,65.9044,3.5807
4,26,task_recipe,1.9275,6.0682,6.0682
4,26,task_poetry,1.7516,12.5471,10.7943
4,26,task_recipe,1.7707,14.9589,8.2210
4,26,task_poetry,2.0909,17.1636,8.4308
4,26,task_recipe,1.7830,17.9197,4.7929
4,26,task_poetry,3.0755,19.7411,7.9210
4,26,task_recipe,2.1029,21.6313,7.7875
4,26,task_poetry,1.5916,23.7439,8.0617
4,26,task_recipe,1.9612,24.8911,6.7129
4,26,task_poetry,1.7403,25.4273,6.9085
4,26,task_recipe,1.8334,25.8026,5.7791
4,26,task_poetry,1.6681,27.5569,8.1333
4,26,task_recipe,1.6861,28.3953,8.3801
4,26,task_poetry,1.7281,40.8789,30.7028
4,26,task_recipe,2.1279,41.1676,4.4065
4,26,task_poetry,1.3486,42.3986,9.1355
4,27,task_recipe,1.7220,9.4419,9.4419
4,27,task_poetry,2.1148,12.5096,8.3476
4,27,task_recipe,2.0097,13.7728,6.8756
4,27,task_poetry,5.9730,43.6962,41.6645
4,27,task_recipe,2.0935,44.1143,6.8706
4,27,task_poetry,1.3627,44.6105,6.7295
4,27,task_recipe,1.3498,45.0120,6.6249
4,27,task_poetry,3.2758,52.8876,27.5095
4,27,task_recipe,1.3053,53.4103,7.1176
4,27,task_poetry,4.8838,66.0783,35.0906
4,27,task_recipe,0.9982,66.3350,6.7671
4,27,task_poetry,1.1690,67.9563,17.1620
4,27,task_recipe,1.7380,68.1027,5.8182
4,27,task_poetry,1.4707,68.7681,6.7582
4,27,task_recipe,1.8013,69.0890,6.6296
4,27,task_poetry,1.0426,69.1977,5.3804
4,28,task_recipe,1.9225,5.5361,5.5361
4,28,task_poetry,0.4742,12.4286,10.9473
4,28,task_recipe,1.6420,13.7114,6.0073
4,28,task_poetry,2.0720,14.9332,5.6062
4,28,task_recipe,1.7243,17.5530,10.0855
4,28,task_poetry,1.7662,18.8786,6.2561
4,28,task_recipe,1.4223,19.8745,5.9744
4,28,task_poetry,0.1185,20.3476,7.8598
4,28,task_recipe,1.6126,21.3912,6.4945
4,28,task_poetry,2.2477,23.5949,10.0485
4,28,task_recipe,2.3167,24.3149,5.3533
4,28,task_poetry,4.5422,43.4917,36.0503
4,28,task_recipe,2.5390,44.3092,8.6118
4,28,task_poetry,2.3612,45.1562,8.2043
4,28,task_recipe,2.1223,45.9022,7.0442
4,28,task_poetry,1.2770,46.9328,7.9818
4,29,task_recipe,1.4530,5.5216,5.5216
4,29,task_poetry,2.3847,10.6949,9.1143
4,29,task_recipe,1.1075,11.6081,4.7902
4,29,task_poetry,1.5332,30.0184,29.1233
4,29,task_recipe,1.7390,30.5927,6.4775
4,29,task_poetry,3.0094,32.2627,10.3798
4,29,task_recipe,2.1440,33.1701,7.8065
4,29,task_poetry,0.5021,32.4500,12.1287
4,29,task_recipe,1.4804,33.4192,7.9311
4,29,task_poetry,0.1216,34.4114,7.4159
4,29,task_recipe,1.3878,35.2922,7.1721
4,29,task_poetry,1.4507,35.7670,7.2188
4,29,task_recipe,2.1059,36.1923,6.2127
4,29,task_poetry,0.0568,36.2999,3.4804
4,29,task_recipe,1.9515,36.8649,6.3166
4,29,task_poetry,1.2014,53.2828,40.2828
4,30,task_recipe,1.9784,7.8288,7.8288
4,30,task_poetry,5.8230,32.3416,31.5193
4,30,task_recipe,1.6030,33.7534,9.9842
4,30,task_poetry,5.0449,61.7958,51.7183
4,30,task_recipe,2.2774,61.9298,6.4124
4,30,task_poetry,2.3732,62.4370,10.1103
4,30,task_recipe,2.2961,62.8232,6.4247
4,30,task_poetry,1.3825,63.1864,5.0965
4,30,task_recipe,2.9324,63.4734,7.9741
4,30,task_poetry,2.4728,63.5860,8.0876
4,30,task_recipe,1.7378,63.8302,5.9988
4,30,task_poetry,1.3629,64.2949,7.5301
4,30,task_recipe,1.8422,64.5218,4.5058
4,30,task_poetry,1.6401,64.7712,7.1492
4,30,task_recipe,1.9173,64.9164,6.0626
4,30,task_poetry,0.1105,65.3032,8.2592
4,31,task_recipe,1.7990,5.9685,5.9685
4,31,task_poetry,0.0644,7.3041,4.6670
4,31,task_recipe,1.8786,9.6471,6.1296
4,31,task_poetry,3.7422,42.0603,40.6542
5,0,task_recipe,1.6392,5.1056,5.1056
5,0,task_poetry,1.8842,12.1790,10.9361
5,0,task_recipe,2.2914,13.6697,6.5015
5,0,task_poetry,1.7366,15.3139,7.0110
5,0,task_recipe,2.0677,17.4411,8.2869
5,0,task_poetry,0.7768,38.9498,34.9448
5,0,task_recipe,2.1462,39.6511,6.8455
5,0,task_poetry,0.1111,41.1548,7.6606
5,0,task_recipe,1.8012,41.7277,7.3887
5,0,task_poetry,1.7444,42.3947,6.3609
5,0,task_recipe,1.7352,43.5285,9.5275
5,0,task_poetry,0.1115,41.8676,6.9000
5,0,task_recipe,1.0275,42.3122,6.4465
5,0,task_poetry,0.0820,41.7430,6.6119
5,0,task_recipe,1.7165,43.2807,10.1298
5,0,task_poetry,0.2794,48.4940,18.5910
5,1,task_recipe,1.6900,4.3198,4.3198
5,1,task_poetry,1.9862,9.2159,8.1934
5,1,task_recipe,1.1977,10.9594,6.2501
5,1,task_poetry,1.6939,14.4007,9.2312
5,1,task_recipe,1.4519,15.5081,5.8091
5,1,task_poetry,2.4867,17.6326,7.2907
5,1,task_recipe,2.1294,18.1639,4.3771
5,1,task_poetry,1.5206,19.2514,5.8679
5,1,task_recipe,1.8806,20.2696,6.5139
5,1,task_poetry,1.8972,22.3458,9.0507
5,1,task_recipe,2.9424,23.8173,8.1051
5,1,task_poetry,0.1152,24.8128,8.2311
5,1,task_recipe,1.8019,25.6496,5.9498
5,1,task_poetry,0.7265,34.7056,23.6358
5,1,task_recipe,1.8336,35.5508,8.3289
5,1,task_poetry,2.3893,37.0038,10.1658
5,2,task_recipe,1.7100,9.4196,9.4196
5,2,task_poetry,0.4758,14.6167,10.9707
5,2,task_recipe,1.4461,15.6382,6.2291
5,2,task_poetry,2.4713,17.7740,8.0353
5,2,task_recipe,1.6118,18.6668,6.0047
5,2,task_poetry,0.1133,19.9210,7.2207
5,2,task_recipe,1.6319,21.2193,6.3728
5,2,task_poetry,2.3401,23.0178,9.2604
5,2,task_recipe,1.6698,24.9003,8.4158
5,2,task_poetry,1.0285,35.8927,20.2965
5,2,task_recipe,1.8401,36.9710,9.8617
5,2,task_poetry,1.6647,38.5953,8.0147
5,2,task_recipe,1.9013,39.9491,10.5602
5,2,task_poetry,2.3644,41.8339,9.9325
5,2,task_recipe,1.8545,42.3799,6.8950
5,2,task_poetry,0.9978,48.7437,16.7017
5,3,task_recipe,1.4466,5.4774,5.4774
5,3,task_poetry,1.4949,29.3121,28.8336
5,3,task_recipe,1.4970,30.0844,6.5501
5,3,task_poetry,9.6633,68.6525,60.2909
5,3,task_recipe,1.5992,69.7362,9.9768
5,3,task_poetry,0.2685,72.5301,16.4020
5,3,task_recipe,1.6379,72.6088,5.5240
5,3,task_poetry,2.8619,72.1728,7.0744
5,3,task_recipe,1.9461,73.0242,8.0202
5,3,task_poetry,0.7821,76.4071,20.3231
5,3,task_recipe,1.8077,77.3413,9.5721
5,3,task_poetry,1.7467,77.8697,7.7236
5,3,task_recipe,1.7922,78.0218,5.8690
5,3,task_poetry,1.1685,76.1033,18.3702
5,3,task_recipe,2.1816,76.2666,6.0275
5,3,task_poetry,1.7579,75.8628,6.3496
5,4,task_recipe,1.6391,6.4478,6.4478
5,4,task_poetry,1.0205,15.9120,14.5670
5,4,task_recipe,1.6287,17.8492,7.7959
5,4,task_poetry,2.9294,19.5595,7.9532
5,4,task_recipe,1.0160,20.8658,6.6090
5,4,task_poetry,1.9928,21.9288,7.5261
5,4,task_recipe,1.7447,23.1245,6.7524
5,4,task_poetry,0.0314,23.1593,2.3545
5,4,task_recipe,1.5055,24.0385,5.9723
5,4,task_poetry,2.1061,25.0571,7.1702
5,4,task_recipe,1.7294,25.9218,6.4493
5,4,task_poetry,2.3671,28.9582,12.1944
5,4,task_recipe,2.0061,29.2143,8.1545
5,4,task_poetry,2.0156,29.9292,6.2890
5,4,task_recipe,2.6201,31.1844,8.6508
5,4,task_poetry,3.6712,48.2074,37.2103
5,5,task_recipe,2.1827,4.7953,4.7953
5,5,task_poetry,0.1248,10.5284,9.4958
5,5,task_recipe,1.7039,12.4757,6.5296
5,5,task_poetry,1.8359,14.2202,6.7627
5,5,task_recipe,2.0034,15.9458,7.1986
5,5,task_poetry,1.6535,17.8997,8.3090
5,5,task_recipe,2.0582,19.0465,5.9539
5,5,task_poetry,4.9589,52.0683,48.1342
5,5,task_recipe,1.3338,52.1952,4.4148
5,5,task_poetry,1.6917,52.7633,9.7424
5,5,task_recipe,1.3819,53.3885,7.8490
5,5,task_poetry,1.6304,53.9541,7.7901
5,5,task_recipe,1.4389,54.1756,4.7231
5,5,task_poetry,1.9864,54.8749,9.8330
5,5,task_recipe,1.8964,55.1780,6.2775
5,5,task_poetry,3.1970,60.6800,27.2674
5,6,task_recipe,2.3111,14.5446,14.5446
5,6,task_poetry,1.3477,18.6068,13.1688
5,6,task_recipe,2.0021,20.1399,7.1363
5,6,task_poetry,4.5311,33.5901,26.8254
5,6,task_recipe,1.9700,34.7764,8.1899
5,6,task_poetry,1.9645,35.1866,6.1908
5,6,task_recipe,1.6445,35.7157,5.9533
5,6,task_poetry,0.1152,36.7031,7.7103
5,6,task_recipe,1.8202,37.0070,5.3186
5,6,task_poetry,0.0614,37.8163,4.6011
5,6,task_recipe,2.0033,38.9032,8.4540
5,6,task_poetry,1.4820,39.3062,5.7017
5,6,task_recipe,1.8866,39.6428,5.3871
5,6,task_poetry,0.4427,44.8459,19.8138
5,6,task_recipe,1.5085,45.5367,6.2090
5,6,task_poetry,1.6334,45.8510,8.9493
5,7,task_recipe,1.3674,6.6842,6.6842
5,7,task_poetry,0.0531,10.8584,8.5580
5,7,task_recipe,1.6013,12.2909,6.4959
5,7,task_poetry,1.4735,32.5565,35.5648
5,7,task_recipe,1.6314,33.1384,5.3982
5,7,task_poetry,2.0179,34.6124,10.2271
5,7,task_recipe,1.6187,35.2370,5.3366
5,7,task_poetry,0.0759,36.3654,4.8766
5,7,task_recipe,1.4836,37.3148,7.8525
5,7,task_poetry,1.6716,40.1277,13.9630
5,7,task_recipe,1.4754,40.6193,5.6418
5,7,task_poetry,1.7510,40.4622,8.5224
5,7,task_recipe,1.7846,40.9719,4.9849
5,7,task_poetry,1.2860,50.7039,22.4886
5,7,task_recipe,1.7600,51.2012,6.5904
5,7,task_poetry,2.6204,52.7754,12.5665
5,8,task_recipe,1.3884,7.1912,7.1912
5,8,task_poetry,0.0570,8.0536,3.7315
5,8,task_recipe,2.1148,10.6526,7.0295
5,8,task_poetry,2.2814,14.3375,9.8911
5,8,task_recipe,1.7796,18.7259,12.5296
5,8,task_poetry,1.6546,20.9781,9.4083
5,8,task_recipe,1.9745,22.0924,7.0237
5,8,task_poetry,1.1131,42.8386,37.7568
5,8,task_recipe,1.8164,43.4891,7.6070
5,8,task_poetry,5.7628,51.4771,30.3489
5,8,task_recipe,1.7627,52.1911,8.2821
5,8,task_poetry,1.2008,52.7630,5.9165
5,8,task_recipe,1.4316,52.8171,4.2590
5,8,task_poetry,1.6941,53.5628,7.4853
5,8,task_recipe,2.1402,54.0642,8.2633
5,8,task_poetry,1.9513,55.0080,10.1726
5,9,task_recipe,1.0240,4.7147,4.7147
5,9,task_poetry,5.5429,28.0397,27.6222
5,9,task_recipe,1.8728,29.2552,8.3128
5,9,task_poetry,1.4232,29.8091,7.2379
5,9,task_recipe,2.0832,30.8936,8.1590
5,9,task_poetry,1.8836,32.3810,9.5908
5,9,task_recipe,1.7901,33.0282,6.9044
5,9,task_poetry,0.6327,42.3090,27.5679
5,9,task_recipe,1.4115,42.6489,6.0164
5,9,task_poetry,1.4570,43.3605,6.5335
5,9,task_recipe,2.1255,44.0331,7.8045
5,9,task_poetry,3.0053,45.1343,10.3546
5,9,task_recipe,2.1015,45.4046,6.0003
5,9,task_poetry,2.0858,46.2837,7.1806
5,9,task_recipe,1.4893,46.4935,5.1533
5,9,task_poetry,1.4532,46.9860,6.7528
5,10,task_recipe,1.6945,6.4653,6.4653
5,10,task_poetry,1.8778,8.7968,6.1298
5,10,task_recipe,1.7029,11.1637,6.5734
5,10,task_poetry,1.9442,14.7277,9.5014
5,10,task_recipe,1.7747,15.7910,5.8495
5,10,task_poetry,2.2265,18.3522,10.1535
5,10,task_recipe,1.5043,19.0086,5.0687
5,10,task_poetry,0.4919,22.3390,10.8491
5,10,task_recipe,1.7576,23.7613,7.3767
5,10,task_poetry,1.1405,45.9642,36.8356
5,10,task_recipe,1.8502,46.7357,6.9053
5,10,task_poetry,2.1164,47.6812,8.4012
5,10,task_recipe,1.7588,48.3265,7.6514
5,10,task_poetry,1.6611,49.9488,10.2949
5,10,task_recipe,1.7331,50.1774,6.0999
5,10,task_poetry,0.9743,82.4449,70.5522
5,11,task_recipe,1.6864,5.3819,5.3819
5,11,task_poetry,0.1415,10.0490,8.5974
5,11,task_recipe,1.6256,13.2903,8.7574
5,11,task_poetry,0.4382,16.5051,10.6394
5,11,task_recipe,1.2890,18.0547,7.0178
5,11,task_poetry,2.0710,20.1976,8.8828
5,11,task_recipe,2.1507,21.6679,8.8503
5,11,task_poetry,0.0409,22.1690,3.1736
5,11,task_recipe,1.7130,23.4068,7.6628
5,11,task_poetry,0.8970,33.1688,18.2464
5,11,task_recipe,1.2490,33.7196,7.5371
5,11,task_poetry,1.6473,35.2220,8.6031
5,11,task_recipe,1.9137,35.6208,5.4276
5,11,task_poetry,1.5368,53.0765,30.8789
5,11,task_recipe,1.5429,53.4319,5.8027
5,11,task_poetry,1.9679,54.4257,10.0024
5,12,task_recipe,1.5492,8.6953,8.6953
5,12,task_poetry,0.2699,26.6420,25.1357
5,12,task_recipe,1.6056,27.8716,7.7334
5,12,task_poetry,2.1475,30.9619,12.3609
5,12,task_recipe,2.1023,31.2235,6.3137
5,12,task_poetry,1.5194,31.6752,5.4510
5,12,task_recipe,1.6318,32.2158,5.9355
5,12,task_poetry,1.3827,32.6593,5.1458
5,12,task_recipe,1.4249,33.2466,5.9851
5,12,task_poetry,2.0827,33.7138,7.6415
5,12,task_recipe,2.3034,34.0678,5.3235
5,12,task_poetry,0.3526,37.9040,18.3695
5,12,task_recipe,1.8693,38.2754,6.2755
5,12,task_poetry,0.4828,57.1153,37.8823
5,12,task_recipe,1.7750,57.9591,9.4352
5,12,task_poetry,0.0842,64.4783,13.6193
5,13,task_recipe,0.9876,6.7928,6.7928
5,13,task_poetry,0.7860,24.1386,23.2261
5,13,task_recipe,2.2743,25.0644,6.5241
5,13,task_poetry,1.4360,26.6080,7.1730
5,13,task_recipe,1.4894,28.2727,9.0168
5,13,task_poetry,3.5137,35.0268,22.6633
5,13,task_recipe,1.8356,35.3428,4.2927
5,13,task_poetry,1.3367,36.4412,7.4613
5,13,task_recipe,1.9144,37.2015,7.1990
5,13,task_poetry,0.1984,40.5479,14.3664
5,13,task_recipe,1.6137,41.1198,6.0198
5,13,task_poetry,2.0331,41.2961,6.6736
5,13,task_recipe,1.9752,41.7149,7.8805
5,13,task_poetry,0.0619,41.6068,4.3132
5,13,task_recipe,1.4970,42.3226,9.0238
5,13,task_poetry,3.2922,49.9561,25.0829
5,14,task_recipe,2.0282,7.0600,7.0600
5,14,task_poetry,1.8091,9.9752,7.0223
5,14,task_recipe,1.8572,11.4732,5.8196
5,14,task_poetry,1.4341,14.2180,8.5286
5,14,task_recipe,2.2122,15.2891,6.1759
5,14,task_poetry,3.7167,27.6909,23.2424
5,14,task_recipe,1.8047,28.3981,6.8036
5,14,task_poetry,2.2496,49.1130,39.6041
5,14,task_recipe,1.4060,49.8170,7.8824
5,14,task_poetry,0.0532,50.3340,3.6620
5,14,task_recipe,2.1323,50.9579,8.1659
5,14,task_poetry,1.1949,51.2240,4.7017
5,14,task_recipe,2.3286,51.6558,8.4221
5,14,task_poetry,2.9384,60.8933,30.3902
5,14,task_recipe,1.8467,61.1850,6.0856
5,14,task_poetry,1.5681,61.6883,7.1275
5,15,task_recipe,1.6138,5.2274,5.2274
5,15,task_poetry,1.6640,37.8414,37.5516
5,15,task_recipe,2.2961,38.6014,6.9543
5,15,task_poetry,1.5063,39.0852,5.5474
5,15,task_recipe,1.8450,39.5324,5.8626
5,15,task_poetry,1.0026,39.9452,6.7436
5,15,task_recipe,1.5472,40.3334,5.9518
5,15,task_poetry,0.7505,44.1470,15.0623
5,15,task_recipe,1.5773,44.7050,5.8695
5,15,task_poetry,1.0380,44.9640,7.3120
5,15,task_recipe,1.8686,45.3786,5.6110
5,15,task_poetry,0.5364,52.6845,23.5220
5,15,task_recipe,1.3417,53.4442,7.6360
5,15,task_poetry,2.0092,53.9583,4.9669
5,15,task_recipe,2.5312,54.4768,8.6284
5,15,task_poetry,0.9674,61.3863,17.7685
5,16,task_recipe,1.4016,4.7090,4.7090
5,16,task_poetry,1.7597,75.7901,75.5064
5,16,task_recipe,2.5617,76.0780,9.2745
5,16,task_poetry,1.8352,76.2727,8.4497
5,16,task_recipe,1.8264,76.8484,5.8048
5,16,task_poetry,1.4881,77.1829,7.9977
5,16,task_recipe,2.0877,77.5761,7.7003
5,16,task_poetry,1.5659,77.8786,8.3375
5,16,task_recipe,1.8026,78.0381,4.2301
5,16,task_poetry,1.6841,97.5879,30.3440
5,16,task_recipe,1.8610,97.5927,5.5366
5,16,task_poetry,1.6783,97.8306,7.0448
5,16,task_recipe,1.6756,98.3565,5.9267
5,16,task_poetry,2.0307,98.8035,5.3538
5,16,task_recipe,2.3386,99.2596,6.5750
5,16,task_poetry,0.0585,95.9803,5.8059
5,17,task_recipe,1.4851,7.5382,7.5382
5,17,task_poetry,1.7319,10.5675,7.0553
5,17,task_recipe,1.5610,11.6450,5.3894
5,17,task_poetry,1.4114,13.8396,7.1673
5,17,task_recipe,1.4147,16.2369,7.9633
5,17,task_poetry,1.8990,17.4353,6.2363
5,17,task_recipe,1.7635,18.1439,4.9481
5,17,task_poetry,5.8603,45.6634,42.0035
5,17,task_recipe,1.9937,46.3973,8.5976
5,17,task_poetry,2.1299,46.8786,5.9414
5,17,task_recipe,1.4944,47.1382,5.1009
5,17,task_poetry,0.6540,48.3234,12.4117
5,17,task_recipe,1.8437,49.1411,7.4907
5,17,task_poetry,2.3654,50.0313,8.7656
5,17,task_recipe,1.8302,50.8794,8.7874
5,17,task_poetry,2.2306,58.1887,28.4526
5,18,task_recipe,1.8198,6.9754,6.9754
5,18,task_poetry,1.6554,30.2066,29.5977
5,18,task_recipe,1.7385,31.5758,8.4246
5,18,task_poetry,4.3004,44.9858,31.8573
5,18,task_recipe,2.2113,45.6650,7.3540
5,18,task_poetry,6.4617,61.2740,35.8745
5,18,task_recipe,1.3180,61.4569,5.6296
5,18,task_poetry,1.6294,61.6812,5.3383
5,18,task_recipe,1.6237,61.8163,4.0056
5,18,task_poetry,0.6964,62.2871,9.9134
5,18,task_recipe,1.5480,62.5229,5.4420
5,18,task_poetry,1.2788,62.4998,8.9480
5,18,task_recipe,2.3366,63.1191,9.0852
5,18,task_poetry,4.3946,76.0691,36.1154
5,18,task_recipe,1.2181,76.3213,5.5131
5,18,task_poetry,1.2552,92.4106,44.4988
5,19,task_recipe,1.7951,6.6185,6.6185
5,19,task_poetry,1.6918,10.8932,8.8286
5,19,task_recipe,1.3403,12.9021,6.5484
5,19,task_poetry,0.0694,13.5493,4.4396
5,19,task_recipe,2.0754,15.2194,6.8884
5,19,task_poetry,1.7321,17.4535,7.9431
5,19,task_recipe,1.5975,18.3087,6.1275
5,19,task_poetry,1.0348,19.2283,5.4340
5,19,task_recipe,1.9555,20.9322,8.1745
5,19,task_poetry,1.6578,22.5641,8.9083
5,19,task_recipe,1.2975,23.7338,7.0247
5,19,task_poetry,3.6561,36.4156,28.5758
5,19,task_recipe,2.6058,38.2526,12.2179
5,19,task_poetry,1.6064,39.5280,9.5392
5,19,task_recipe,1.9505,40.0251,5.8948
5,19,task_poetry,1.5198,40.3530,6.9229
5,20,task_recipe,1.2674,6.0618,6.0618
5,20,task_poetry,2.3523,10.3983,8.3924
5,20,task_recipe,1.4622,13.3501,7.8212
5,20,task_poetry,2.5699,16.0552,8.3245
5,20,task_recipe,2.1230,17.0016,5.6881
5,20,task_poetry,0.7991,25.0709,17.4165
5,20,task_recipe,1.1042,25.4704,4.8904
5,20,task_poetry,1.4289,26.6683,7.9240
5,20,task_recipe,1.7323,27.5021,5.8385
5,20,task_poetry,0.1507,28.5274,10.3143
5,20,task_recipe,1.7697,29.6554,7.0669
5,20,task_poetry,1.8580,31.1314,9.8831
5,20,task_recipe,1.8073,31.9377,5.5922
5,20,task_poetry,1.5662,33.3204,8.0405
5,20,task_recipe,1.9965,34.2624,6.8828
5,20,task_poetry,1.7498,35.3357,9.5478
5,21,task_recipe,2.1259,4.6826,4.6826
5,21,task_poetry,4.6592,33.9929,33.6864
5,21,task_recipe,1.4022,34.6906,6.9317
5,21,task_poetry,0.0826,35.1882,5.8946
5,21,task_recipe,2.2032,35.7750,7.1045
5,21,task_poetry,1.5466,35.6659,5.9497
5,21,task_recipe,2.1353,37.1394,10.4344
5,21,task_poetry,3.9970,47.4067,30.3904
5,21,task_recipe,2.2518,47.8310,6.8427
5,21,task_poetry,2.0437,49.1714,9.9574
5,21,task_recipe,1.4747,49.3597,5.0939
5,21,task_poetry,0.1076,49.8220,5.7365
5,21,task_recipe,1.4115,50.0519,5.2259
5,21,task_poetry,1.6388,51.1358,8.9556
5,21,task_recipe,1.8197,51.1641,4.0957
5,21,task_poetry,0.2281,53.1844,16.3262
5,22,task_recipe,2.2539,6.8489,6.8489
5,22,task_poetry,0.1856,14.8570,13.1883
5,22,task_recipe,1.9458,16.1475,6.5943
5,22,task_poetry,0.1594,34.9533,25.5353
5,22,task_recipe,2.4426,35.3728,5.7166
5,22,task_poetry,1.3649,35.5240,4.6497
5,22,task_recipe,2.1534,37.0826,9.1451
5,22,task_poetry,2.1839,37.6081,5.7645
5,22,task_recipe,1.4274,38.1830,5.4211
5,22,task_poetry,1.5571,39.0369,6.8488
5,22,task_recipe,1.4089,39.5807,5.2058
5,22,task_poetry,1.4891,59.4949,42.1625
5,22,task_recipe,2.0150,59.9503,6.1573
5,22,task_poetry,1.0492,68.3895,30.6155
5,22,task_recipe,1.4805,68.5926,4.3747
5,22,task_poetry,0.8162,80.4944,32.2403
5,23,task_recipe,1.2910,8.0827,8.0827
5,23,task_poetry,3.5720,29.7947,28.5819
5,23,task_recipe,1.6865,30.3155,5.1087
5,23,task_poetry,3.9887,38.1232,24.0643
5,23,task_recipe,1.8646,38.7112,6.1374
5,23,task_poetry,2.2204,40.0235,9.3786
5,23,task_recipe,1.3429,40.1696,4.5853
5,23,task_poetry,3.0629,40.6023,7.5968
5,23,task_recipe,1.7595,42.7662,12.2227
5,23,task_poetry,1.5708,48.9281,22.8599
5,23,task_recipe,1.9718,49.5131,5.6275
5,23,task_poetry,0.9167,51.5782,12.0875
5,23,task_recipe,1.7803,51.8512,6.1042
5,23,task_poetry,1.5519,53.2273,10.3793
5,23,task_recipe,1.9187,53.4416,3.6667
5,23,task_poetry,1.3584,54.1545,6.8925
5,24,task_recipe,1.5341,6.0585,6.0585
5,24,task_poetry,1.5583,9.0855,6.6528
5,24,task_recipe,1.1762,11.0403,6.5394
5,24,task_poetry,0.4120,15.6833,9.9513
5,24,task_recipe,1.4097,17.0086,6.2319
5,24,task_poetry,1.2768,18.2072,8.0253
5,24,task_recipe,2.1583,19.1018,6.1533
5,24,task_poetry,1.2468,20.0868,5.9643
5,24,task_recipe,1.7404,21.0486,6.1970
5,24,task_poetry,0.3992,25.9094,17.3907
5,24,task_recipe,2.0665,26.2892,5.4415
5,24,task_poetry,1.9695,27.4239,7.2349
5,24,task_recipe,1.5672,28.1407,6.3866
5,24,task_poetry,1.0502,28.4237,3.6904
5,24,task_recipe,2.1733,29.4997,7.2904
5,24,task_poetry,1.0648,33.3750,17.0423
5,25,task_recipe,1.7847,8.8113,8.8113
5,25,task_poetry,0.3988,13.0011,10.0260
5,25,task_recipe,1.8398,13.7605,4.6091
5,25,task_poetry,2.5765,17.1453,9.7542
5,25,task_recipe,1.4464,17.8242,4.1906
5,25,task_poetry,1.3922,20.3482,9.5527
5,25,task_recipe,1.6211,21.2317,5.3310
5,25,task_poetry,0.1763,25.0236,19.1563
5,25,task_recipe,1.7381,25.5803,5.6657
5,25,task_poetry,4.4126,50.8971,42.3425
5,25,task_recipe,1.9145,51.3123,6.2345
5,25,task_poetry,2.0750,51.7511,6.1576
5,25,task_recipe,1.4814,52.2743,8.4531
5,25,task_poetry,2.2913,53.7481,10.1531
5,25,task_recipe,1.2735,53.9004,5.4263
5,25,task_poetry,2.0661,53.8026,5.7015
5,26,task_recipe,1.8192,6.1159,6.1159
5,26,task_poetry,0.9466,23.4240,22.4975
5,26,task_recipe,1.4645,23.9815,6.2997
5,26,task_poetry,1.3172,25.6566,8.5937
5,26,task_recipe,1.5430,26.6137,7.4095
5,26,task_poetry,1.5159,27.4154,6.7950
5,26,task_recipe,1.5412,28.3583,6.7137
5,26,task_poetry,1.0622,28.8175,5.7559
5,26,task_recipe,1.5164,29.4821,6.1067
5,26,task_poetry,1.9471,31.1246,10.2781
5,26,task_recipe,1.9237,31.5141,5.0527
5,26,task_poetry,3.8535,47.1305,33.3953
5,26,task_recipe,1.4284,47.2612,4.3915
5,26,task_poetry,1.7327,48.0932,10.1097
5,26,task_recipe,2.4387,48.7762,7.1648
5,26,task_poetry,1.0199,49.2661,6.6250
5,27,task_recipe,1.8508,7.1919,7.1919
5,27,task_poetry,2.3431,11.1199,8.4787
5,27,task_recipe,1.7930,11.8491,3.8427
5,27,task_poetry,0.9892,68.3242,67.2250
5,27,task_recipe,1.9353,68.5914,6.3280
5,27,task_poetry,4.7357,75.6155,29.6680
5,27,task_recipe,1.8069,75.7929,5.7713
5,27,task_poetry,0.3933,75.8078,9.6739
5,27,task_recipe,1.9582,75.9181,4.2583
5,27,task_poetry,0.1048,76.5922,7.2598
5,27,task_recipe,1.8443,76.8636,6.2468
5,27,task_poetry,4.7936,85.0802,35.1607
5,27,task_recipe,2.3677,85.5432,7.6642
5,27,task_poetry,0.7080,87.2025,22.8422
5,27,task_recipe,1.4684,87.7923,8.1015
5,27,task_poetry,2.1117,88.6281,10.1205
5,28,task_recipe,1.9212,9.6875,9.6875
5,28,task_poetry,1.7620,12.9758,8.2796
5,28,task_recipe,1.5875,14.2027,6.9092
5,28,task_poetry,2.9969,30.4824,26.6563
5,28,task_recipe,2.4558,31.2621,7.0997
5,28,task_poetry,1.7293,33.2002,10.7441
5,28,task_recipe,1.9176,33.8483,6.1184
5,28,task_poetry,6.6025,57.7840,48.1989
5,28,task_recipe,2.0117,58.0746,6.0462
5,28,task_poetry,1.6332,58.3846,7.3005
5,28,task_recipe,2.0896,58.8049,7.6426
5,28,task_poetry,1.4301,59.3721,7.3859
5,28,task_recipe,1.7385,59.4334,5.2939
5,28,task_poetry,1.6170,62.4878,17.8004
5,28,task_recipe,2.0562,63.9839,11.5987
5,28,task_poetry,2.3675,64.4786,6.3042
5,29,task_recipe,1.9170,5.5881,5.5881
5,29,task_poetry,3.4008,8.2811,6.0753
5,29,task_recipe,1.0629,11.6702,8.5412
5,29,task_poetry,1.4848,13.8713,7.4524
5,29,task_recipe,1.7269,14.9326,5.5262
5,29,task_poetry,2.0805,17.1659,8.8965
5,29,task_recipe,1.8945,17.8089,5.1919
5,29,task_poetry,0.8007,29.4926,23.9657
5,29,task_recipe,1.9495,30.2848,6.5846
5,29,task_poetry,1.7771,31.6381,8.8369
5,29,task_recipe,1.9299,32.3115,6.0090
5,29,task_poetry,3.4315,44.3858,32.0839
5,29,task_recipe,1.7291,44.9386,6.8552
5,29,task_poetry,1.8499,44.5718,7.0901
5,29,task_recipe,1.2601,45.1573,7.8204
5,29,task_poetry,1.3741,62.4459,48.7827
5,30,task_recipe,2.4923,7.1555,7.1555
5,30,task_poetry,0.7264,35.5925,35.1465
5,30,task_recipe,1.4441,36.9579,8.9456
5,30,task_poetry,2.2850,73.9702,73.2418
5,30,task_recipe,1.9120,74.2019,6.1255
5,30,task_poetry,2.3184,75.3060,11.3050
5,30,task_recipe,1.5053,75.7059,7.5898
5,30,task_poetry,0.7846,76.1354,10.3627
5,30,task_recipe,1.4019,80.8031,28.2829
5,30,task_poetry,1.2158,131.3807,71.6703
5,30,task_recipe,1.7692,131.3978,6.1738
5,30,task_poetry,1.7009,131.1771,8.5880
5,30,task_recipe,1.6627,131.3081,5.6943
5,30,task_poetry,0.5796,136.5717,22.8351
5,30,task_recipe,1.3679,137.1702,8.7863
5,30,task_poetry,1.9363,137.1663,7.2373
5,31,task_recipe,1.9625,6.8522,6.8522
5,31,task_poetry,1.9746,12.3771,10.1348
5,31,task_recipe,1.7769,13.2836,4.8700
5,31,task_poetry,1.8509,17.3571,10.6369
